CVE,CVE URL,Publish Date,Last Update Date,CVSS Score,Confidentiality Impact,Integrity Impact,Availability Impact,Access Complexity,Authentication,Gained Access,Vulnerability Types,CWE,Affected Product Versions,Bugzilla URLs,Bugzilla IDs,Advisory URLs,Advisory IDs,Git URLs,Git Commit Hashes,SVN URLs,SVN Revision Numbers
CVE-2019-11744,https://www.cvedetails.com/cve/CVE-2019-11744,2019-09-27,2019-10-04,4.3,None,Partial,None,Medium,Not required,None,Cross Site Scripting,79,"{""Firefox"": [""0.1"", ""0.2"", ""0.3"", ""0.4"", ""0.5"", ""0.6"", ""0.6.1"", ""0.7"", ""0.7.1"", ""0.8"", ""0.9"", ""0.9.1"", ""0.9.2"", ""0.9.3"", ""0.10"", ""0.10.1"", ""1.0"", ""1.0.1"", ""1.0.2"", ""1.0.3"", ""1.0.4"", ""1.0.5"", ""1.0.6"", ""1.0.7"", ""1.0.8"", ""1.4.1"", ""1.5"", ""1.5.0.1"", ""1.5.0.2"", ""1.5.0.3"", ""1.5.0.4"", ""1.5.0.5"", ""1.5.0.6"", ""1.5.0.7"", ""1.5.0.8"", ""1.5.0.9"", ""1.5.0.10"", ""1.5.0.11"", ""1.5.0.12"", ""1.5.1"", ""1.5.2"", ""1.5.3"", ""1.5.4"", ""1.5.5"", ""1.5.6"", ""1.5.7"", ""1.5.8"", ""1.8"", ""2.0"", ""2.0.0.1"", ""2.0.0.2"", ""2.0.0.3"", ""2.0.0.4"", ""2.0.0.5"", ""2.0.0.6"", ""2.0.0.7"", ""2.0.0.8"", ""2.0.0.9"", ""2.0.0.10"", ""2.0.0.11"", ""2.0.0.12"", ""2.0.0.13"", ""2.0.0.14"", ""2.0.0.15"", ""2.0.0.16"", ""2.0.0.17"", ""2.0.0.18"", ""2.0.0.19"", ""2.0.0.20"", ""3.0"", ""3.0.1"", ""3.0.2"", ""3.0.3"", ""3.0.4"", ""3.0.5"", ""3.0.6"", ""3.0.7"", ""3.0.8"", ""3.0.9"", ""3.0.10"", ""3.0.11"", ""3.0.12"", ""3.0.13"", ""3.0.14"", ""3.0.15"", ""3.0.16"", ""3.0.17"", ""3.0.18"", ""3.0.19"", ""3.5"", ""3.5.1"", ""3.5.2"", ""3.5.3"", ""3.5.4"", ""3.5.5"", ""3.5.6"", ""3.5.7"", ""3.5.8"", ""3.5.9"", ""3.5.10"", ""3.5.11"", ""3.5.12"", ""3.5.13"", ""3.5.14"", ""3.5.15"", ""3.5.16"", ""3.5.17"", ""3.5.18"", ""3.5.19"", ""3.6"", ""3.6.2"", ""3.6.3"", ""3.6.4"", ""3.6.6"", ""3.6.7"", ""3.6.8"", ""3.6.9"", ""3.6.10"", ""3.6.11"", ""3.6.12"", ""3.6.13"", ""3.6.14"", ""3.6.15"", ""3.6.16"", ""3.6.17"", ""3.6.18"", ""3.6.19"", ""3.6.20"", ""3.6.21"", ""3.6.22"", ""3.6.23"", ""3.6.24"", ""3.6.25"", ""3.6.26"", ""3.6.27"", ""3.6.28"", ""4.0"", ""4.0.1"", ""5.0"", ""5.0.1"", ""6.0"", ""6.0.1"", ""6.0.2"", ""7.0"", ""7.0.1"", ""8.0"", ""8.0.1"", ""9.0"", ""9.0.1"", ""10.0"", ""10.0.1"", ""10.0.2"", ""10.0.3"", ""10.0.4"", ""10.0.5"", ""10.0.6"", ""10.0.7"", ""10.0.8"", ""10.0.9"", ""10.0.10"", ""10.0.11"", ""10.0.12"", ""11.0"", ""12.0"", ""13.0"", ""13.0.1"", ""14.0"", ""14.0.1"", ""15.0"", ""15.0.1"", ""16.0"", ""16.0.1"", ""16.0.2"", ""17.0"", ""17.0.1"", ""17.0.2"", ""17.0.3"", ""17.0.4"", ""17.0.5"", ""17.0.6"", ""17.0.7"", ""17.0.8"", ""17.0.9"", ""17.0.10"", ""17.0.11"", ""18.0"", ""18.0.1"", ""18.0.2"", ""19.0"", ""19.0.1"", ""19.0.2"", ""20.0"", ""20.0.1"", ""21.0"", ""22.0"", ""23.0"", ""23.0.1"", ""24.0"", ""24.1"", ""24.1.0"", ""24.1.1"", ""24.2.0"", ""24.3.0"", ""24.4.0"", ""24.5.0"", ""24.6.0"", ""24.7.0"", ""24.8.0"", ""24.8.1"", ""25.0"", ""25.0.1"", ""26.0"", ""27.0"", ""27.0.1"", ""28.0"", ""29.0"", ""29.0.1"", ""30.0"", ""31.0"", ""31.1.0"", ""31.1.1"", ""31.2.0"", ""31.3.0"", ""31.4.0"", ""31.5.0"", ""31.5.2"", ""31.5.3"", ""31.6.0"", ""31.7.0"", ""31.8.0"", ""32.0"", ""32.0.1"", ""32.0.2"", ""32.0.3"", ""33.0"", ""33.0.1"", ""33.0.2"", ""33.0.3"", ""33.1"", ""33.1.1"", ""34.0"", ""34.0.5"", ""35.0"", ""35.0.1"", ""36.0"", ""36.0.1"", ""36.0.3"", ""36.0.4"", ""37.0"", ""37.0.1"", ""37.0.2"", ""38.0"", ""38.0.1"", ""38.0.5"", ""38.1.0"", ""38.1.1"", ""38.2.0"", ""38.2.1"", ""38.3.0"", ""38.4.0"", ""38.5.0"", ""38.5.1"", ""38.5.2"", ""38.6.0"", ""38.6.1"", ""38.7.0"", ""38.7.1"", ""38.8.0"", ""39.0"", ""39.0.3"", ""40.0"", ""40.0.2"", ""40.0.3"", ""41.0"", ""41.0.1"", ""41.0.2"", ""42.0"", ""43.0"", ""43.0.1"", ""43.0.2"", ""43.0.3"", ""43.0.4"", ""44.0"", ""44.0.1"", ""44.0.2"", ""45.0"", ""45.0.1"", ""45.0.2"", ""45.1.1"", ""45.2.0"", ""45.3.0"", ""45.4.0"", ""45.5.0"", ""45.5.1"", ""45.6.0"", ""45.7.0"", ""45.8.0"", ""45.9.0"", ""46.0"", ""46.0.1"", ""47.0"", ""47.0.1"", ""47.0.2"", ""48.0"", ""48.0.1"", ""48.0.2"", ""49.0"", ""49.0.1"", ""49.0.2"", ""50"", ""50.0"", ""50.0.1"", ""50.0.2"", ""50.1.0"", ""51.0"", ""51.0.1"", ""51.0.3"", ""52.0"", ""52.0.1"", ""52.0.2"", ""52.1.0"", ""52.1.1"", ""52.1.2"", ""52.2.0"", ""52.2.1"", ""52.3.0"", ""52.4.0"", ""52.4.1"", ""52.5.0"", ""52.5.2"", ""52.5.3"", ""52.6.0"", ""52.7.0"", ""52.7.1"", ""52.7.2"", ""52.7.3"", ""52.7.4"", ""52.8.0"", ""52.8.1"", ""52.9.0"", ""53.0"", ""53.0.2"", ""53.0.3"", ""54.0"", ""54.0.1"", ""55.0"", ""55.0.1"", ""55.0.2"", ""55.0.3"", ""56.0"", ""56.0.1"", ""56.0.2"", ""57.0"", ""57.0.1"", ""57.0.2"", ""57.0.3"", ""57.0.4"", ""58"", ""58.0"", ""58.0.1"", ""58.0.2"", ""59"", ""59.0"", ""59.0.1"", ""59.0.2"", ""59.0.3"", ""60"", ""60.0"", ""60.0.1"", ""60.0.2"", ""60.1.0"", ""60.2.0"", ""60.2.1"", ""60.2.2"", ""60.3.0"", ""60.4.0"", ""60.5.0"", ""60.6.1"", ""60.7.3"", ""61.0"", ""61.0.1"", ""61.0.2"", ""62.0"", ""62.0.2"", ""62.0.3"", ""63.0"", ""63.0.1"", ""63.0.3"", ""64.0"", ""64.0.2"", ""65.0"", ""66.0"", ""66.0.1"", ""66.0.2"", ""66.0.3"", ""67.0.2"", ""68.0"", ""68.0.1"", ""68.0.2"", ""68.1.0""], ""Firefox Esr"": [""10.0"", ""10.0.1"", ""10.0.2"", ""10.0.3"", ""10.0.4"", ""10.0.5"", ""10.0.6"", ""10.0.7"", ""10.0.8"", ""10.0.9"", ""10.0.10"", ""10.0.11"", ""10.0.12"", ""17.0"", ""17.0.1"", ""17.0.2"", ""17.0.3"", ""17.0.4"", ""17.0.5"", ""17.0.6"", ""17.0.7"", ""17.0.8"", ""17.0.9"", ""17.0.10"", ""17.0.11"", ""24.0"", ""24.0.1"", ""24.0.2"", ""24.1.0"", ""24.1.1"", ""24.2"", ""24.3"", ""24.4"", ""24.5"", ""24.6"", ""24.7"", ""24.8"", ""31.0"", ""31.1"", ""31.1.0"", ""31.1.1"", ""31.2"", ""31.3"", ""31.3.0"", ""31.4"", ""31.5"", ""31.5.1"", ""31.5.2"", ""31.5.3"", ""31.6"", ""31.7"", ""31.8"", ""38.0"", ""38.0.1"", ""38.0.5"", ""38.1.0"", ""38.1.1"", ""38.2.0"", ""38.2.1"", ""38.3.0"", ""38.4.0"", ""38.5.0"", ""38.5.1"", ""38.5.2"", ""38.6.0"", ""38.6.1"", ""38.7.0"", ""38.7.1"", ""38.8.0"", ""45.0"", ""45.0.1"", ""45.0.2"", ""45.1.0"", ""45.1.1"", ""45.2.0"", ""45.3.0"", ""45.4.0"", ""45.5.0"", ""45.5.1"", ""45.6.0"", ""45.7.0"", ""45.8.0"", ""45.9.0"", ""52.0"", ""52.1.0"", ""52.1.1"", ""52.1.2"", ""52.2.0"", ""52.2.1"", ""52.3.0"", ""52.4.0"", ""52.4.1"", ""52.5.0"", ""52.5.2"", ""52.5.3"", ""52.6.0"", ""52.7.0"", ""52.7.1"", ""52.7.2"", ""52.7.3"", ""52.7.4"", ""52.8.0"", ""52.8.1"", ""52.9.0"", ""53.0.0"", ""60.0"", ""60.1.0"", ""60.2.0"", ""60.2.2"", ""60.3.0"", ""60.4.0"", ""60.5.0"", ""60.6.0"", ""60.6.1"", ""60.7.0"", ""60.7.1""], ""Thunderbird"": [""0.1"", ""0.2"", ""0.3"", ""0.4"", ""0.5"", ""0.6"", ""0.7"", ""0.7.1"", ""0.7.2"", ""0.7.3"", ""0.8"", ""0.9"", ""1.0"", ""1.0.2"", ""1.0.5"", ""1.0.6"", ""1.0.7"", ""1.0.8"", ""1.1"", ""1.5"", ""1.5.0.2"", ""1.5.0.4"", ""1.5.0.5"", ""1.5.0.7"", ""1.5.0.8"", ""1.5.0.9"", ""1.5.0.10"", ""1.5.0.12"", ""1.5.0.13"", ""1.5.0.14"", ""2.0"", ""2.0.0.0"", ""2.0.0.4"", ""2.0.0.5"", ""2.0.0.6"", ""2.0.0.9"", ""2.0.0.12"", ""2.0.0.14"", ""2.0.0.16"", ""2.0.0.17"", ""2.0.0.18"", ""2.0.0.19"", ""2.0.0.21"", ""2.0.0.22"", ""2.0.0.23"", ""2.0.0.24"", ""2.0.14"", ""3.0"", ""3.0.1"", ""3.0.2"", ""3.0.3"", ""3.0.4"", ""3.0.5"", ""3.0.6"", ""3.0.7"", ""3.0.8"", ""3.0.9"", ""3.0.10"", ""3.0.11"", ""3.1"", ""3.1.1"", ""3.1.2"", ""3.1.3"", ""3.1.4"", ""3.1.5"", ""3.1.6"", ""3.1.7"", ""3.1.8"", ""3.1.9"", ""3.1.10"", ""3.1.11"", ""3.1.12"", ""3.1.13"", ""3.1.14"", ""3.1.15"", ""3.1.16"", ""3.1.17"", ""3.1.18"", ""3.1.19"", ""3.1.20"", ""3.3"", ""5.0"", ""6.0"", ""6.0.1"", ""6.0.2"", ""7.0"", ""7.0.1"", ""8.0"", ""9.0"", ""9.0.1"", ""10.0"", ""10.0.1"", ""10.0.2"", ""11.0""]}",https://bugzilla.mozilla.org/show_bug.cgi?id=1562033,1562033,"https://www.mozilla.org/security/advisories/mfsa2019-27/,https://www.mozilla.org/security/advisories/mfsa2019-29/,https://www.mozilla.org/security/advisories/mfsa2019-30/,https://www.mozilla.org/security/advisories/mfsa2019-26/,https://www.mozilla.org/security/advisories/mfsa2019-25/","MFSA-2019-27,MFSA-2019-29,MFSA-2019-30,MFSA-2019-26,MFSA-2019-25",,,,
CVE-2019-11737,https://www.cvedetails.com/cve/CVE-2019-11737,2019-09-27,2019-10-02,5.0,None,Partial,None,Low,Not required,None,,345,"{""Firefox"": [""0.1"", ""0.2"", ""0.3"", ""0.4"", ""0.5"", ""0.6"", ""0.6.1"", ""0.7"", ""0.7.1"", ""0.8"", ""0.9"", ""0.9.1"", ""0.9.2"", ""0.9.3"", ""0.10"", ""0.10.1"", ""1.0"", ""1.0.1"", ""1.0.2"", ""1.0.3"", ""1.0.4"", ""1.0.5"", ""1.0.6"", ""1.0.7"", ""1.0.8"", ""1.4.1"", ""1.5"", ""1.5.0.1"", ""1.5.0.2"", ""1.5.0.3"", ""1.5.0.4"", ""1.5.0.5"", ""1.5.0.6"", ""1.5.0.7"", ""1.5.0.8"", ""1.5.0.9"", ""1.5.0.10"", ""1.5.0.11"", ""1.5.0.12"", ""1.5.1"", ""1.5.2"", ""1.5.3"", ""1.5.4"", ""1.5.5"", ""1.5.6"", ""1.5.7"", ""1.5.8"", ""1.8"", ""2.0"", ""2.0.0.1"", ""2.0.0.2"", ""2.0.0.3"", ""2.0.0.4"", ""2.0.0.5"", ""2.0.0.6"", ""2.0.0.7"", ""2.0.0.8"", ""2.0.0.9"", ""2.0.0.10"", ""2.0.0.11"", ""2.0.0.12"", ""2.0.0.13"", ""2.0.0.14"", ""2.0.0.15"", ""2.0.0.16"", ""2.0.0.17"", ""2.0.0.18"", ""2.0.0.19"", ""2.0.0.20"", ""3.0"", ""3.0.1"", ""3.0.2"", ""3.0.3"", ""3.0.4"", ""3.0.5"", ""3.0.6"", ""3.0.7"", ""3.0.8"", ""3.0.9"", ""3.0.10"", ""3.0.11"", ""3.0.12"", ""3.0.13"", ""3.0.14"", ""3.0.15"", ""3.0.16"", ""3.0.17"", ""3.0.18"", ""3.0.19"", ""3.5"", ""3.5.1"", ""3.5.2"", ""3.5.3"", ""3.5.4"", ""3.5.5"", ""3.5.6"", ""3.5.7"", ""3.5.8"", ""3.5.9"", ""3.5.10"", ""3.5.11"", ""3.5.12"", ""3.5.13"", ""3.5.14"", ""3.5.15"", ""3.5.16"", ""3.5.17"", ""3.5.18"", ""3.5.19"", ""3.6"", ""3.6.2"", ""3.6.3"", ""3.6.4"", ""3.6.6"", ""3.6.7"", ""3.6.8"", ""3.6.9"", ""3.6.10"", ""3.6.11"", ""3.6.12"", ""3.6.13"", ""3.6.14"", ""3.6.15"", ""3.6.16"", ""3.6.17"", ""3.6.18"", ""3.6.19"", ""3.6.20"", ""3.6.21"", ""3.6.22"", ""3.6.23"", ""3.6.24"", ""3.6.25"", ""3.6.26"", ""3.6.27"", ""3.6.28"", ""4.0"", ""4.0.1"", ""5.0"", ""5.0.1"", ""6.0"", ""6.0.1"", ""6.0.2"", ""7.0"", ""7.0.1"", ""8.0"", ""8.0.1"", ""9.0"", ""9.0.1"", ""10.0"", ""10.0.1"", ""10.0.2"", ""10.0.3"", ""10.0.4"", ""10.0.5"", ""10.0.6"", ""10.0.7"", ""10.0.8"", ""10.0.9"", ""10.0.10"", ""10.0.11"", ""10.0.12"", ""11.0"", ""12.0"", ""13.0"", ""13.0.1"", ""14.0"", ""14.0.1"", ""15.0"", ""15.0.1"", ""16.0"", ""16.0.1"", ""16.0.2"", ""17.0"", ""17.0.1"", ""17.0.2"", ""17.0.3"", ""17.0.4"", ""17.0.5"", ""17.0.6"", ""17.0.7"", ""17.0.8"", ""17.0.9"", ""17.0.10"", ""17.0.11"", ""18.0"", ""18.0.1"", ""18.0.2"", ""19.0"", ""19.0.1"", ""19.0.2"", ""20.0"", ""20.0.1"", ""21.0"", ""22.0"", ""23.0"", ""23.0.1"", ""24.0"", ""24.1"", ""24.1.0"", ""24.1.1"", ""24.2.0"", ""24.3.0"", ""24.4.0"", ""24.5.0"", ""24.6.0"", ""24.7.0"", ""24.8.0"", ""24.8.1"", ""25.0"", ""25.0.1"", ""26.0"", ""27.0"", ""27.0.1"", ""28.0"", ""29.0"", ""29.0.1"", ""30.0"", ""31.0"", ""31.1.0"", ""31.1.1"", ""31.2.0"", ""31.3.0"", ""31.4.0"", ""31.5.0"", ""31.5.2"", ""31.5.3"", ""31.6.0"", ""31.7.0"", ""31.8.0"", ""32.0"", ""32.0.1"", ""32.0.2"", ""32.0.3"", ""33.0"", ""33.0.1"", ""33.0.2"", ""33.0.3"", ""33.1"", ""33.1.1"", ""34.0"", ""34.0.5"", ""35.0"", ""35.0.1"", ""36.0"", ""36.0.1"", ""36.0.3"", ""36.0.4"", ""37.0"", ""37.0.1"", ""37.0.2"", ""38.0"", ""38.0.1"", ""38.0.5"", ""38.1.0"", ""38.1.1"", ""38.2.0"", ""38.2.1"", ""38.3.0"", ""38.4.0"", ""38.5.0"", ""38.5.1"", ""38.5.2"", ""38.6.0"", ""38.6.1"", ""38.7.0"", ""38.7.1"", ""38.8.0"", ""39.0"", ""39.0.3"", ""40.0"", ""40.0.2"", ""40.0.3"", ""41.0"", ""41.0.1"", ""41.0.2"", ""42.0"", ""43.0"", ""43.0.1"", ""43.0.2"", ""43.0.3"", ""43.0.4"", ""44.0"", ""44.0.1"", ""44.0.2"", ""45.0"", ""45.0.1"", ""45.0.2"", ""45.1.1"", ""45.2.0"", ""45.3.0"", ""45.4.0"", ""45.5.0"", ""45.5.1"", ""45.6.0"", ""45.7.0"", ""45.8.0"", ""45.9.0"", ""46.0"", ""46.0.1"", ""47.0"", ""47.0.1"", ""47.0.2"", ""48.0"", ""48.0.1"", ""48.0.2"", ""49.0"", ""49.0.1"", ""49.0.2"", ""50"", ""50.0"", ""50.0.1"", ""50.0.2"", ""50.1.0"", ""51.0"", ""51.0.1"", ""51.0.3"", ""52.0"", ""52.0.1"", ""52.0.2"", ""52.1.0"", ""52.1.1"", ""52.1.2"", ""52.2.0"", ""52.2.1"", ""52.3.0"", ""52.4.0"", ""52.4.1"", ""52.5.0"", ""52.5.2"", ""52.5.3"", ""52.6.0"", ""52.7.0"", ""52.7.1"", ""52.7.2"", ""52.7.3"", ""52.7.4"", ""52.8.0"", ""52.8.1"", ""52.9.0"", ""53.0"", ""53.0.2"", ""53.0.3"", ""54.0"", ""54.0.1"", ""55.0"", ""55.0.1"", ""55.0.2"", ""55.0.3"", ""56.0"", ""56.0.1"", ""56.0.2"", ""57.0"", ""57.0.1"", ""57.0.2"", ""57.0.3"", ""57.0.4"", ""58"", ""58.0"", ""58.0.1"", ""58.0.2"", ""59"", ""59.0"", ""59.0.1"", ""59.0.2"", ""59.0.3"", ""60"", ""60.0"", ""60.0.1"", ""60.0.2"", ""60.1.0"", ""60.2.0"", ""60.2.1"", ""60.2.2"", ""60.3.0"", ""60.4.0"", ""60.5.0"", ""60.6.1"", ""60.7.3"", ""61.0"", ""61.0.1"", ""61.0.2"", ""62.0"", ""62.0.2"", ""62.0.3"", ""63.0"", ""63.0.1"", ""63.0.3"", ""64.0"", ""64.0.2"", ""65.0"", ""66.0"", ""66.0.1"", ""66.0.2"", ""66.0.3"", ""67.0.2"", ""68.0"", ""68.0.1"", ""68.0.2"", ""68.1.0""]}",https://bugzilla.mozilla.org/show_bug.cgi?id=1388015,1388015,https://www.mozilla.org/security/advisories/mfsa2019-25/,MFSA-2019-25,,,,
CVE-2019-11748,https://www.cvedetails.com/cve/CVE-2019-11748,2019-09-27,2019-10-05,4.3,Partial,None,None,Medium,Not required,None,,732,"{""Firefox"": [""0.1"", ""0.2"", ""0.3"", ""0.4"", ""0.5"", ""0.6"", ""0.6.1"", ""0.7"", ""0.7.1"", ""0.8"", ""0.9"", ""0.9.1"", ""0.9.2"", ""0.9.3"", ""0.10"", ""0.10.1"", ""1.0"", ""1.0.1"", ""1.0.2"", ""1.0.3"", ""1.0.4"", ""1.0.5"", ""1.0.6"", ""1.0.7"", ""1.0.8"", ""1.4.1"", ""1.5"", ""1.5.0.1"", ""1.5.0.2"", ""1.5.0.3"", ""1.5.0.4"", ""1.5.0.5"", ""1.5.0.6"", ""1.5.0.7"", ""1.5.0.8"", ""1.5.0.9"", ""1.5.0.10"", ""1.5.0.11"", ""1.5.0.12"", ""1.5.1"", ""1.5.2"", ""1.5.3"", ""1.5.4"", ""1.5.5"", ""1.5.6"", ""1.5.7"", ""1.5.8"", ""1.8"", ""2.0"", ""2.0.0.1"", ""2.0.0.2"", ""2.0.0.3"", ""2.0.0.4"", ""2.0.0.5"", ""2.0.0.6"", ""2.0.0.7"", ""2.0.0.8"", ""2.0.0.9"", ""2.0.0.10"", ""2.0.0.11"", ""2.0.0.12"", ""2.0.0.13"", ""2.0.0.14"", ""2.0.0.15"", ""2.0.0.16"", ""2.0.0.17"", ""2.0.0.18"", ""2.0.0.19"", ""2.0.0.20"", ""3.0"", ""3.0.1"", ""3.0.2"", ""3.0.3"", ""3.0.4"", ""3.0.5"", ""3.0.6"", ""3.0.7"", ""3.0.8"", ""3.0.9"", ""3.0.10"", ""3.0.11"", ""3.0.12"", ""3.0.13"", ""3.0.14"", ""3.0.15"", ""3.0.16"", ""3.0.17"", ""3.0.18"", ""3.0.19"", ""3.5"", ""3.5.1"", ""3.5.2"", ""3.5.3"", ""3.5.4"", ""3.5.5"", ""3.5.6"", ""3.5.7"", ""3.5.8"", ""3.5.9"", ""3.5.10"", ""3.5.11"", ""3.5.12"", ""3.5.13"", ""3.5.14"", ""3.5.15"", ""3.5.16"", ""3.5.17"", ""3.5.18"", ""3.5.19"", ""3.6"", ""3.6.2"", ""3.6.3"", ""3.6.4"", ""3.6.6"", ""3.6.7"", ""3.6.8"", ""3.6.9"", ""3.6.10"", ""3.6.11"", ""3.6.12"", ""3.6.13"", ""3.6.14"", ""3.6.15"", ""3.6.16"", ""3.6.17"", ""3.6.18"", ""3.6.19"", ""3.6.20"", ""3.6.21"", ""3.6.22"", ""3.6.23"", ""3.6.24"", ""3.6.25"", ""3.6.26"", ""3.6.27"", ""3.6.28"", ""4.0"", ""4.0.1"", ""5.0"", ""5.0.1"", ""6.0"", ""6.0.1"", ""6.0.2"", ""7.0"", ""7.0.1"", ""8.0"", ""8.0.1"", ""9.0"", ""9.0.1"", ""10.0"", ""10.0.1"", ""10.0.2"", ""10.0.3"", ""10.0.4"", ""10.0.5"", ""10.0.6"", ""10.0.7"", ""10.0.8"", ""10.0.9"", ""10.0.10"", ""10.0.11"", ""10.0.12"", ""11.0"", ""12.0"", ""13.0"", ""13.0.1"", ""14.0"", ""14.0.1"", ""15.0"", ""15.0.1"", ""16.0"", ""16.0.1"", ""16.0.2"", ""17.0"", ""17.0.1"", ""17.0.2"", ""17.0.3"", ""17.0.4"", ""17.0.5"", ""17.0.6"", ""17.0.7"", ""17.0.8"", ""17.0.9"", ""17.0.10"", ""17.0.11"", ""18.0"", ""18.0.1"", ""18.0.2"", ""19.0"", ""19.0.1"", ""19.0.2"", ""20.0"", ""20.0.1"", ""21.0"", ""22.0"", ""23.0"", ""23.0.1"", ""24.0"", ""24.1"", ""24.1.0"", ""24.1.1"", ""24.2.0"", ""24.3.0"", ""24.4.0"", ""24.5.0"", ""24.6.0"", ""24.7.0"", ""24.8.0"", ""24.8.1"", ""25.0"", ""25.0.1"", ""26.0"", ""27.0"", ""27.0.1"", ""28.0"", ""29.0"", ""29.0.1"", ""30.0"", ""31.0"", ""31.1.0"", ""31.1.1"", ""31.2.0"", ""31.3.0"", ""31.4.0"", ""31.5.0"", ""31.5.2"", ""31.5.3"", ""31.6.0"", ""31.7.0"", ""31.8.0"", ""32.0"", ""32.0.1"", ""32.0.2"", ""32.0.3"", ""33.0"", ""33.0.1"", ""33.0.2"", ""33.0.3"", ""33.1"", ""33.1.1"", ""34.0"", ""34.0.5"", ""35.0"", ""35.0.1"", ""36.0"", ""36.0.1"", ""36.0.3"", ""36.0.4"", ""37.0"", ""37.0.1"", ""37.0.2"", ""38.0"", ""38.0.1"", ""38.0.5"", ""38.1.0"", ""38.1.1"", ""38.2.0"", ""38.2.1"", ""38.3.0"", ""38.4.0"", ""38.5.0"", ""38.5.1"", ""38.5.2"", ""38.6.0"", ""38.6.1"", ""38.7.0"", ""38.7.1"", ""38.8.0"", ""39.0"", ""39.0.3"", ""40.0"", ""40.0.2"", ""40.0.3"", ""41.0"", ""41.0.1"", ""41.0.2"", ""42.0"", ""43.0"", ""43.0.1"", ""43.0.2"", ""43.0.3"", ""43.0.4"", ""44.0"", ""44.0.1"", ""44.0.2"", ""45.0"", ""45.0.1"", ""45.0.2"", ""45.1.1"", ""45.2.0"", ""45.3.0"", ""45.4.0"", ""45.5.0"", ""45.5.1"", ""45.6.0"", ""45.7.0"", ""45.8.0"", ""45.9.0"", ""46.0"", ""46.0.1"", ""47.0"", ""47.0.1"", ""47.0.2"", ""48.0"", ""48.0.1"", ""48.0.2"", ""49.0"", ""49.0.1"", ""49.0.2"", ""50"", ""50.0"", ""50.0.1"", ""50.0.2"", ""50.1.0"", ""51.0"", ""51.0.1"", ""51.0.3"", ""52.0"", ""52.0.1"", ""52.0.2"", ""52.1.0"", ""52.1.1"", ""52.1.2"", ""52.2.0"", ""52.2.1"", ""52.3.0"", ""52.4.0"", ""52.4.1"", ""52.5.0"", ""52.5.2"", ""52.5.3"", ""52.6.0"", ""52.7.0"", ""52.7.1"", ""52.7.2"", ""52.7.3"", ""52.7.4"", ""52.8.0"", ""52.8.1"", ""52.9.0"", ""53.0"", ""53.0.2"", ""53.0.3"", ""54.0"", ""54.0.1"", ""55.0"", ""55.0.1"", ""55.0.2"", ""55.0.3"", ""56.0"", ""56.0.1"", ""56.0.2"", ""57.0"", ""57.0.1"", ""57.0.2"", ""57.0.3"", ""57.0.4"", ""58"", ""58.0"", ""58.0.1"", ""58.0.2"", ""59"", ""59.0"", ""59.0.1"", ""59.0.2"", ""59.0.3"", ""60"", ""60.0"", ""60.0.1"", ""60.0.2"", ""60.1.0"", ""60.2.0"", ""60.2.1"", ""60.2.2"", ""60.3.0"", ""60.4.0"", ""60.5.0"", ""60.6.1"", ""60.7.3"", ""61.0"", ""61.0.1"", ""61.0.2"", ""62.0"", ""62.0.2"", ""62.0.3"", ""63.0"", ""63.0.1"", ""63.0.3"", ""64.0"", ""64.0.2"", ""65.0"", ""66.0"", ""66.0.1"", ""66.0.2"", ""66.0.3"", ""67.0.2"", ""68.0"", ""68.0.1"", ""68.0.2"", ""68.1.0""], ""Firefox Esr"": [""10.0"", ""10.0.1"", ""10.0.2"", ""10.0.3"", ""10.0.4"", ""10.0.5"", ""10.0.6"", ""10.0.7"", ""10.0.8"", ""10.0.9"", ""10.0.10"", ""10.0.11"", ""10.0.12"", ""17.0"", ""17.0.1"", ""17.0.2"", ""17.0.3"", ""17.0.4"", ""17.0.5"", ""17.0.6"", ""17.0.7"", ""17.0.8"", ""17.0.9"", ""17.0.10"", ""17.0.11"", ""24.0"", ""24.0.1"", ""24.0.2"", ""24.1.0"", ""24.1.1"", ""24.2"", ""24.3"", ""24.4"", ""24.5"", ""24.6"", ""24.7"", ""24.8"", ""31.0"", ""31.1"", ""31.1.0"", ""31.1.1"", ""31.2"", ""31.3"", ""31.3.0"", ""31.4"", ""31.5"", ""31.5.1"", ""31.5.2"", ""31.5.3"", ""31.6"", ""31.7"", ""31.8"", ""38.0"", ""38.0.1"", ""38.0.5"", ""38.1.0"", ""38.1.1"", ""38.2.0"", ""38.2.1"", ""38.3.0"", ""38.4.0"", ""38.5.0"", ""38.5.1"", ""38.5.2"", ""38.6.0"", ""38.6.1"", ""38.7.0"", ""38.7.1"", ""38.8.0"", ""45.0"", ""45.0.1"", ""45.0.2"", ""45.1.0"", ""45.1.1"", ""45.2.0"", ""45.3.0"", ""45.4.0"", ""45.5.0"", ""45.5.1"", ""45.6.0"", ""45.7.0"", ""45.8.0"", ""45.9.0"", ""52.0"", ""52.1.0"", ""52.1.1"", ""52.1.2"", ""52.2.0"", ""52.2.1"", ""52.3.0"", ""52.4.0"", ""52.4.1"", ""52.5.0"", ""52.5.2"", ""52.5.3"", ""52.6.0"", ""52.7.0"", ""52.7.1"", ""52.7.2"", ""52.7.3"", ""52.7.4"", ""52.8.0"", ""52.8.1"", ""52.9.0"", ""53.0.0"", ""60.0"", ""60.1.0"", ""60.2.0"", ""60.2.2"", ""60.3.0"", ""60.4.0"", ""60.5.0"", ""60.6.0"", ""60.6.1"", ""60.7.0"", ""60.7.1""]}",https://bugzilla.mozilla.org/show_bug.cgi?id=1564588,1564588,"https://www.mozilla.org/security/advisories/mfsa2019-26/,https://www.mozilla.org/security/advisories/mfsa2019-25/","MFSA-2019-26,MFSA-2019-25",,,,
CVE-2019-11704,https://www.cvedetails.com/cve/CVE-2019-11704,2019-07-23,2019-08-16,7.5,Partial,Partial,Partial,Low,Not required,None,Overflow,119,"{""Thunderbird"": [""0.1"", ""0.2"", ""0.3"", ""0.4"", ""0.5"", ""0.6"", ""0.7"", ""0.7.1"", ""0.7.2"", ""0.7.3"", ""0.8"", ""0.9"", ""1.0"", ""1.0.2"", ""1.0.5"", ""1.0.6"", ""1.0.7"", ""1.0.8"", ""1.1"", ""1.5"", ""1.5.0.2"", ""1.5.0.4"", ""1.5.0.5"", ""1.5.0.7"", ""1.5.0.8"", ""1.5.0.9"", ""1.5.0.10"", ""1.5.0.12"", ""1.5.0.13"", ""1.5.0.14"", ""2.0"", ""2.0.0.0"", ""2.0.0.4"", ""2.0.0.5"", ""2.0.0.6"", ""2.0.0.9"", ""2.0.0.12"", ""2.0.0.14"", ""2.0.0.16"", ""2.0.0.17"", ""2.0.0.18"", ""2.0.0.19"", ""2.0.0.21"", ""2.0.0.22"", ""2.0.0.23"", ""2.0.0.24"", ""2.0.14"", ""3.0"", ""3.0.1"", ""3.0.2"", ""3.0.3"", ""3.0.4"", ""3.0.5"", ""3.0.6"", ""3.0.7"", ""3.0.8"", ""3.0.9"", ""3.0.10"", ""3.0.11"", ""3.1"", ""3.1.1"", ""3.1.2"", ""3.1.3"", ""3.1.4"", ""3.1.5"", ""3.1.6"", ""3.1.7"", ""3.1.8"", ""3.1.9"", ""3.1.10"", ""3.1.11"", ""3.1.12"", ""3.1.13"", ""3.1.14"", ""3.1.15"", ""3.1.16"", ""3.1.17"", ""3.1.18"", ""3.1.19"", ""3.1.20"", ""3.3"", ""5.0"", ""6.0"", ""6.0.1"", ""6.0.2"", ""7.0"", ""7.0.1"", ""8.0"", ""9.0"", ""9.0.1"", ""10.0"", ""10.0.1"", ""10.0.2"", ""11.0"", ""11.0.1"", ""12.0"", ""12.0.1"", ""13.0"", ""13.0.1"", ""14.0"", ""15.0"", ""15.0.1"", ""16.0"", ""16.0.1"", ""16.0.2"", ""17.0"", ""17.0.2"", ""17.0.3"", ""17.0.4"", ""17.0.5"", ""17.0.6"", ""17.0.7"", ""17.0.8"", ""17.0.9"", ""17.0.10"", ""18.0"", ""19.0"", ""20.0"", ""21.0"", ""22.0"", ""23.0"", ""24.0"", ""24.0.1"", ""24.1.0"", ""24.1.1"", ""24.2.0"", ""24.3.0"", ""24.4.0"", ""24.5.0"", ""24.6.0"", ""24.7.0"", ""24.8.0"", ""24.8.1"", ""25.0"", ""26.0"", ""27.0"", ""28.0"", ""29.0"", ""30.0"", ""31.0"", ""31.1.0"", ""31.1.1"", ""31.1.2"", ""31.2.0"", ""31.3.0"", ""31.4.0"", ""31.5.0"", ""31.6.0"", ""31.7.0"", ""31.8.0"", ""32.0"", ""33.0"", ""34.0"", ""36.0"", ""37.0"", ""38.0"", ""38.0.1"", ""38.1.0"", ""38.2.0"", ""38.3.0"", ""38.4.0"", ""38.5.0"", ""38.5.1"", ""38.6.0"", ""38.7.0"", ""38.7.1"", ""38.7.2"", ""38.8.0"", ""40.0"", ""41.0"", ""42.0"", ""43.0"", ""44.0"", ""45.0"", ""45.1"", ""45.1.0"", ""45.1.1"", ""45.2"", ""45.2.0"", ""45.3.0"", ""45.4.0"", ""45.5.0"", ""45.5.1"", ""45.6.0"", ""45.7.0"", ""45.7.1"", ""45.8.0"", ""47.0"", ""49.0"", ""50.0"", ""51.0"", ""52.0"", ""52.0.1"", ""52.1.0"", ""52.1.1"", ""52.2.0"", ""52.2.1"", ""52.3.0"", ""52.4.0"", ""52.5.0"", ""52.5.2"", ""52.6.0"", ""52.7.0"", ""52.8.0"", ""52.9.0"", ""52.9.1"", ""53.0"", ""54.0"", ""55.0"", ""56.0"", ""57.0"", ""58.0"", ""59.0"", ""60.0"", ""60.2.1"", ""60.3.0"", ""60.3.1"", ""60.3.2"", ""60.3.3"", ""60.4.0"", ""60.5.0"", ""60.5.1"", ""60.6.0"", ""60.6.1"", ""60.7.0""]}",https://bugzilla.mozilla.org/show_bug.cgi?id=1553814,1553814,https://www.mozilla.org/security/advisories/mfsa2019-17/,MFSA-2019-17,,,,
CVE-2017-7812,https://www.cvedetails.com/cve/CVE-2017-7812,2018-06-11,2018-06-25,5.0,Partial,None,None,Low,Not required,None,Obtain Information,200,"{""Firefox"": [""55.0.3""]}",https://bugzilla.mozilla.org/show_bug.cgi?id=1379842,1379842,https://www.mozilla.org/security/advisories/mfsa2017-21/,MFSA-2017-21,,,,
CVE-2017-7816,https://www.cvedetails.com/cve/CVE-2017-7816,2018-06-11,2019-10-02,5.0,Partial,None,None,Low,Not required,None,,20,"{""Firefox"": [""55.0.3""]}",https://bugzilla.mozilla.org/show_bug.cgi?id=1380597,1380597,https://www.mozilla.org/security/advisories/mfsa2017-21/,MFSA-2017-21,,,,
CVE-2017-7826,https://www.cvedetails.com/cve/CVE-2017-7826,2018-06-11,2018-08-01,10.0,Complete,Complete,Complete,Low,Not required,None,"Overflow,Memory corruption",119,"{""Firefox"": [""0.1"", ""0.2"", ""0.3"", ""0.4"", ""0.5"", ""0.6"", ""0.6.1"", ""0.7"", ""0.7.1"", ""0.8"", ""0.9"", ""0.9.1"", ""0.9.2"", ""0.9.3"", ""0.10"", ""0.10.1"", ""1.0"", ""1.0.1"", ""1.0.2"", ""1.0.3"", ""1.0.4"", ""1.0.5"", ""1.0.6"", ""1.0.7"", ""1.0.8"", ""1.4.1"", ""1.5"", ""1.5.0.1"", ""1.5.0.2"", ""1.5.0.3"", ""1.5.0.4"", ""1.5.0.5"", ""1.5.0.6"", ""1.5.0.7"", ""1.5.0.8"", ""1.5.0.9"", ""1.5.0.10"", ""1.5.0.11"", ""1.5.0.12"", ""1.5.1"", ""1.5.2"", ""1.5.3"", ""1.5.4"", ""1.5.5"", ""1.5.6"", ""1.5.7"", ""1.5.8"", ""1.8"", ""2.0"", ""2.0.0.1"", ""2.0.0.2"", ""2.0.0.3"", ""2.0.0.4"", ""2.0.0.5"", ""2.0.0.6"", ""2.0.0.7"", ""2.0.0.8"", ""2.0.0.9"", ""2.0.0.10"", ""2.0.0.11"", ""2.0.0.12"", ""2.0.0.13"", ""2.0.0.14"", ""2.0.0.15"", ""2.0.0.16"", ""2.0.0.17"", ""2.0.0.18"", ""2.0.0.19"", ""2.0.0.20"", ""3.0"", ""3.0.1"", ""3.0.2"", ""3.0.3"", ""3.0.4"", ""3.0.5"", ""3.0.6"", ""3.0.7"", ""3.0.8"", ""3.0.9"", ""3.0.10"", ""3.0.11"", ""3.0.12"", ""3.0.13"", ""3.0.14"", ""3.0.15"", ""3.0.16"", ""3.0.17"", ""3.0.18"", ""3.0.19"", ""3.5"", ""3.5.1"", ""3.5.2"", ""3.5.3"", ""3.5.4"", ""3.5.5"", ""3.5.6"", ""3.5.7"", ""3.5.8"", ""3.5.9"", ""3.5.10"", ""3.5.11"", ""3.5.12"", ""3.5.13"", ""3.5.14"", ""3.5.15"", ""3.5.16"", ""3.5.17"", ""3.5.18"", ""3.5.19"", ""3.6"", ""3.6.2"", ""3.6.3"", ""3.6.4"", ""3.6.6"", ""3.6.7"", ""3.6.8"", ""3.6.9"", ""3.6.10"", ""3.6.11"", ""3.6.12"", ""3.6.13"", ""3.6.14"", ""3.6.15"", ""3.6.16"", ""3.6.17"", ""3.6.18"", ""3.6.19"", ""3.6.20"", ""3.6.21"", ""3.6.22"", ""3.6.23"", ""3.6.24"", ""3.6.25"", ""3.6.26"", ""3.6.27"", ""3.6.28"", ""4.0"", ""4.0.1"", ""5.0"", ""5.0.1"", ""6.0"", ""6.0.1"", ""6.0.2"", ""7.0"", ""7.0.1"", ""8.0"", ""8.0.1"", ""9.0"", ""9.0.1"", ""10.0"", ""10.0.1"", ""10.0.2"", ""10.0.3"", ""10.0.4"", ""10.0.5"", ""10.0.6"", ""10.0.7"", ""10.0.8"", ""10.0.9"", ""10.0.10"", ""10.0.11"", ""10.0.12"", ""11.0"", ""12.0"", ""13.0"", ""13.0.1"", ""14.0"", ""14.0.1"", ""15.0"", ""15.0.1"", ""16.0"", ""16.0.1"", ""16.0.2"", ""17.0"", ""17.0.1"", ""17.0.2"", ""17.0.3"", ""17.0.4"", ""17.0.5"", ""17.0.6"", ""17.0.7"", ""17.0.8"", ""17.0.9"", ""17.0.10"", ""17.0.11"", ""18.0"", ""18.0.1"", ""18.0.2"", ""19.0"", ""19.0.1"", ""19.0.2"", ""20.0"", ""20.0.1"", ""21.0"", ""22.0"", ""23.0"", ""23.0.1"", ""24.0"", ""24.1"", ""24.1.1"", ""25.0"", ""25.0.1"", ""26.0"", ""27.0"", ""27.0.1"", ""28.0"", ""29.0"", ""29.0.1"", ""30.0"", ""31.0"", ""31.1.0"", ""32.0"", ""33.0"", ""34.0"", ""34.0.5"", ""35.0"", ""35.0.1"", ""36.0"", ""36.0.1"", ""36.0.3"", ""36.0.4"", ""37.0"", ""37.0.1"", ""37.0.2"", ""38.0"", ""40.0.3"", ""41.0"", ""41.0.1"", ""41.0.2"", ""42.0"", ""43.0"", ""43.0.1"", ""43.0.2"", ""43.0.3"", ""43.0.4"", ""44.0.1"", ""44.0.2"", ""45.0.1"", ""45.0.2"", ""46.0.1"", ""47.0.1"", ""48.0.2"", ""49.0"", ""49.0.1"", ""49.0.2"", ""50.0"", ""50.0.1"", ""50.0.2"", ""51.0"", ""51.0.1"", ""52.0"", ""52.0.1"", ""52.0.2"", ""52.1.0"", ""52.1.1"", ""52.1.2"", ""52.2.0"", ""52.2.1"", ""52.3.0"", ""52.4.0"", ""52.4.1"", ""52.5.0"", ""52.5.2"", ""52.5.3"", ""52.6.0"", ""52.7.0"", ""52.7.1"", ""52.7.2"", ""52.7.3"", ""52.7.4"", ""52.8.0"", ""52.8.1"", ""53.0"", ""53.0.2"", ""53.0.3"", ""54.0"", ""54.0.1"", ""55.0"", ""55.0.1"", ""55.0.2"", ""55.0.3"", ""56.0"", ""56.0.1"", ""56.0.2""], ""Firefox Esr"": [""10.0"", ""10.0.1"", ""10.0.2"", ""10.0.3"", ""10.0.4"", ""10.0.5"", ""10.0.6"", ""10.0.7"", ""10.0.8"", ""10.0.9"", ""10.0.10"", ""10.0.11"", ""10.0.12"", ""17.0"", ""17.0.1"", ""17.0.2"", ""17.0.3"", ""17.0.4"", ""17.0.5"", ""17.0.6"", ""17.0.7"", ""17.0.8"", ""17.0.9"", ""17.0.10"", ""17.0.11"", ""24.0"", ""24.0.1"", ""24.0.2"", ""24.1.0"", ""24.1.1"", ""24.2"", ""24.3"", ""24.4"", ""24.5"", ""24.6"", ""24.7"", ""24.8"", ""31.0"", ""31.1"", ""31.1.0"", ""31.1.1"", ""31.2"", ""31.3"", ""31.3.0"", ""31.4"", ""31.5"", ""31.5.1"", ""31.5.2"", ""31.5.3"", ""31.6"", ""31.8"", ""38.0"", ""38.0.1"", ""38.0.5"", ""38.1.0"", ""38.1.1"", ""38.2.0"", ""38.2.1"", ""38.3.0"", ""38.4.0"", ""38.5.0"", ""38.5.1"", ""38.5.2"", ""38.6.0"", ""38.6.1"", ""38.7.0"", ""38.7.1"", ""38.8.0"", ""45.0.2"", ""45.1.0"", ""45.1.1"", ""45.2.0"", ""45.3.0"", ""45.4.0"", ""45.5.0""], ""Thunderbird"": [""0.1"", ""0.2"", ""0.3"", ""0.4"", ""0.5"", ""0.6"", ""0.7"", ""0.7.1"", ""0.7.2"", ""0.7.3"", ""0.8"", ""0.9"", ""1.0"", ""1.0.1"", ""1.0.2"", ""1.0.3"", ""1.0.4"", ""1.0.5"", ""1.0.6"", ""1.0.7"", ""1.0.8"", ""1.5"", ""1.5.0.1"", ""1.5.0.2"", ""1.5.0.3"", ""1.5.0.4"", ""1.5.0.5"", ""1.5.0.6"", ""1.5.0.7"", ""1.5.0.8"", ""1.5.0.9"", ""1.5.0.10"", ""1.5.0.11"", ""1.5.0.12"", ""1.5.0.13"", ""1.5.0.14"", ""1.5.1"", ""1.5.2"", ""1.7.1"", ""1.7.3"", ""2.0"", ""2.0.0.0"", ""2.0.0.1"", ""2.0.0.2"", ""2.0.0.3"", ""2.0.0.4"", ""2.0.0.5"", ""2.0.0.6"", ""2.0.0.7"", ""2.0.0.8"", ""2.0.0.9"", ""2.0.0.11"", ""2.0.0.12"", ""2.0.0.13"", ""2.0.0.14"", ""2.0.0.15"", ""2.0.0.16"", ""2.0.0.17"", ""2.0.0.18"", ""2.0.0.19"", ""2.0.0.20"", ""2.0.0.21"", ""2.0.0.22"", ""2.0.0.23"", ""2.0.14"", ""3.0"", ""3.0.1"", ""3.0.2"", ""3.0.3"", ""3.0.4"", ""3.0.5"", ""3.0.6"", ""3.0.7"", ""3.0.8"", ""3.0.9"", ""3.0.10"", ""3.0.11"", ""3.1"", ""3.1.1"", ""3.1.2"", ""3.1.3"", ""3.1.4"", ""3.1.5"", ""3.1.6"", ""3.1.7"", ""3.1.8"", ""3.1.9"", ""3.1.10"", ""3.1.11"", ""3.1.12"", ""3.1.13"", ""3.1.14"", ""3.1.15"", ""3.1.16"", ""3.1.17"", ""3.1.18"", ""3.1.19"", ""5.0"", ""6.0"", ""6.0.1"", ""6.0.2"", ""7.0"", ""7.0.1"", ""8.0"", ""9.0"", ""9.0.1"", ""10.0"", ""10.0.1"", ""10.0.2"", ""10.0.3"", ""10.0.4"", ""11.0"", ""11.0.1"", ""12.0"", ""12.0.1"", ""13.0"", ""13.0.1"", ""14.0"", ""15.0"", ""15.0.1"", ""16.0"", ""16.0.1"", ""16.0.2"", ""17.0"", ""17.0.1"", ""17.0.2"", ""17.0.3"", ""17.0.4"", ""17.0.5"", ""17.0.6"", ""17.0.7"", ""17.0.8"", ""17.0.9"", ""17.0.10"", ""24.0"", ""24.0.1"", ""24.1"", ""24.1.0"", ""24.1.1"", ""24.2"", ""24.2.0"", ""24.3"", ""24.3.0"", ""24.4"", ""24.4.0"", ""24.5"", ""24.5.0"", ""24.6"", ""24.6.0"", ""24.7"", ""24.7.0"", ""24.8"", ""31.0"", ""31.1.0"", ""31.1.2"", ""31.2"", ""31.2.0"", ""31.3"", ""31.4"", ""31.4.0"", ""31.5"", ""31.5.0"", ""31.6"", ""31.6.0"", ""31.7.0"", ""31.8"", ""31.8.0"", ""32.0"", ""38.0"", ""38.0.1"", ""38.1"", ""38.1.0"", ""38.2.0"", ""38.3.0"", ""38.4.0"", ""38.5.0"", ""38.5.1"", ""38.6.0"", ""38.7.0"", ""38.7.1"", ""38.7.2"", ""38.8.0"", ""45.0"", ""45.1.0"", ""45.1.1"", ""45.2.0"", ""45.3.0"", ""45.4.0"", ""45.5.0"", ""45.5.1"", ""45.6.0"", ""45.7.0"", ""45.7.1"", ""45.8.0"", ""52.0"", ""52.0.1"", ""52.1.0"", ""52.1.1"", ""52.2.0"", ""52.2.1"", ""52.3.0"", ""52.4.0""]}",https://bugzilla.mozilla.org/buglist.cgi?bug_id=1394530%2C1369561%2C1411458%2C1400003%2C1395138%2C1408412%2C1393840%2C1400763%2C1339259%2C1394265%2C1407740%2C1407751%2C1408005%2C1406398%2C1387799%2C1261175%2C1400554%2C1375146%2C1397811%2C1404636%2C1401804,"1394530,1369561,1411458,1400003,1395138,1408412,1393840,1400763,1339259,1394265,1407740,1407751,1408005,1406398,1387799,1261175,1400554,1375146,1397811,1404636,1401804","https://www.mozilla.org/security/advisories/mfsa2017-25/,https://www.mozilla.org/security/advisories/mfsa2017-26/,https://www.mozilla.org/security/advisories/mfsa2017-24/","MFSA-2017-25,MFSA-2017-26,MFSA-2017-24",,,,
CVE-2017-7791,https://www.cvedetails.com/cve/CVE-2017-7791,2018-06-11,2018-08-03,5.0,None,Partial,None,Low,Not required,None,,20,"{""Firefox"": [""0.1"", ""0.2"", ""0.3"", ""0.4"", ""0.5"", ""0.6"", ""0.6.1"", ""0.7"", ""0.7.1"", ""0.8"", ""0.9"", ""0.9.1"", ""0.9.2"", ""0.9.3"", ""0.10"", ""0.10.1"", ""1.0"", ""1.0.1"", ""1.0.2"", ""1.0.3"", ""1.0.4"", ""1.0.5"", ""1.0.6"", ""1.0.7"", ""1.0.8"", ""1.4.1"", ""1.5"", ""1.5.0.1"", ""1.5.0.2"", ""1.5.0.3"", ""1.5.0.4"", ""1.5.0.5"", ""1.5.0.6"", ""1.5.0.7"", ""1.5.0.8"", ""1.5.0.9"", ""1.5.0.10"", ""1.5.0.11"", ""1.5.0.12"", ""1.5.1"", ""1.5.2"", ""1.5.3"", ""1.5.4"", ""1.5.5"", ""1.5.6"", ""1.5.7"", ""1.5.8"", ""1.8"", ""2.0"", ""2.0.0.1"", ""2.0.0.2"", ""2.0.0.3"", ""2.0.0.4"", ""2.0.0.5"", ""2.0.0.6"", ""2.0.0.7"", ""2.0.0.8"", ""2.0.0.9"", ""2.0.0.10"", ""2.0.0.11"", ""2.0.0.12"", ""2.0.0.13"", ""2.0.0.14"", ""2.0.0.15"", ""2.0.0.16"", ""2.0.0.17"", ""2.0.0.18"", ""2.0.0.19"", ""2.0.0.20"", ""3.0"", ""3.0.1"", ""3.0.2"", ""3.0.3"", ""3.0.4"", ""3.0.5"", ""3.0.6"", ""3.0.7"", ""3.0.8"", ""3.0.9"", ""3.0.10"", ""3.0.11"", ""3.0.12"", ""3.0.13"", ""3.0.14"", ""3.0.15"", ""3.0.16"", ""3.0.17"", ""3.0.18"", ""3.0.19"", ""3.5"", ""3.5.1"", ""3.5.2"", ""3.5.3"", ""3.5.4"", ""3.5.5"", ""3.5.6"", ""3.5.7"", ""3.5.8"", ""3.5.9"", ""3.5.10"", ""3.5.11"", ""3.5.12"", ""3.5.13"", ""3.5.14"", ""3.5.15"", ""3.5.16"", ""3.5.17"", ""3.5.18"", ""3.5.19"", ""3.6"", ""3.6.2"", ""3.6.3"", ""3.6.4"", ""3.6.6"", ""3.6.7"", ""3.6.8"", ""3.6.9"", ""3.6.10"", ""3.6.11"", ""3.6.12"", ""3.6.13"", ""3.6.14"", ""3.6.15"", ""3.6.16"", ""3.6.17"", ""3.6.18"", ""3.6.19"", ""3.6.20"", ""3.6.21"", ""3.6.22"", ""3.6.23"", ""3.6.24"", ""3.6.25"", ""3.6.26"", ""3.6.27"", ""3.6.28"", ""4.0"", ""4.0.1"", ""5.0"", ""5.0.1"", ""6.0"", ""6.0.1"", ""6.0.2"", ""7.0"", ""7.0.1"", ""8.0"", ""8.0.1"", ""9.0"", ""9.0.1"", ""10.0"", ""10.0.1"", ""10.0.2"", ""10.0.3"", ""10.0.4"", ""10.0.5"", ""10.0.6"", ""10.0.7"", ""10.0.8"", ""10.0.9"", ""10.0.10"", ""10.0.11"", ""10.0.12"", ""11.0"", ""12.0"", ""13.0"", ""13.0.1"", ""14.0"", ""14.0.1"", ""15.0"", ""15.0.1"", ""16.0"", ""16.0.1"", ""16.0.2"", ""17.0"", ""17.0.1"", ""17.0.2"", ""17.0.3"", ""17.0.4"", ""17.0.5"", ""17.0.6"", ""17.0.7"", ""17.0.8"", ""17.0.9"", ""17.0.10"", ""17.0.11"", ""18.0"", ""18.0.1"", ""18.0.2"", ""19.0"", ""19.0.1"", ""19.0.2"", ""20.0"", ""20.0.1"", ""21.0"", ""22.0"", ""23.0"", ""23.0.1"", ""24.0"", ""24.1"", ""24.1.1"", ""25.0"", ""25.0.1"", ""26.0"", ""27.0"", ""27.0.1"", ""28.0"", ""29.0"", ""29.0.1"", ""30.0"", ""31.0"", ""31.1.0"", ""32.0"", ""33.0"", ""34.0"", ""34.0.5"", ""35.0"", ""35.0.1"", ""36.0"", ""36.0.1"", ""36.0.3"", ""36.0.4"", ""37.0"", ""37.0.1"", ""37.0.2"", ""38.0"", ""40.0.3"", ""41.0"", ""41.0.1"", ""41.0.2"", ""42.0"", ""43.0"", ""43.0.1"", ""43.0.2"", ""43.0.3"", ""43.0.4"", ""44.0.1"", ""44.0.2"", ""45.0.1"", ""45.0.2"", ""46.0.1"", ""47.0.1"", ""48.0.2"", ""49.0"", ""49.0.1"", ""49.0.2"", ""50.0"", ""50.0.1"", ""50.0.2"", ""51.0"", ""51.0.1"", ""52.0"", ""52.0.1"", ""52.0.2"", ""52.1.0"", ""52.1.1"", ""52.1.2"", ""52.2.0"", ""52.2.1"", ""52.3.0"", ""52.4.0"", ""52.4.1"", ""52.5.0"", ""52.5.2"", ""52.5.3"", ""52.6.0"", ""52.7.0"", ""52.7.1"", ""52.7.2"", ""52.7.3"", ""52.7.4"", ""52.8.0"", ""52.8.1"", ""53.0"", ""53.0.2"", ""53.0.3"", ""54.0"", ""54.0.1""], ""Firefox Esr"": [""10.0"", ""10.0.1"", ""10.0.2"", ""10.0.3"", ""10.0.4"", ""10.0.5"", ""10.0.6"", ""10.0.7"", ""10.0.8"", ""10.0.9"", ""10.0.10"", ""10.0.11"", ""10.0.12"", ""17.0"", ""17.0.1"", ""17.0.2"", ""17.0.3"", ""17.0.4"", ""17.0.5"", ""17.0.6"", ""17.0.7"", ""17.0.8"", ""17.0.9"", ""17.0.10"", ""17.0.11"", ""24.0"", ""24.0.1"", ""24.0.2"", ""24.1.0"", ""24.1.1"", ""24.2"", ""24.3"", ""24.4"", ""24.5"", ""24.6"", ""24.7"", ""24.8"", ""31.0"", ""31.1"", ""31.1.0"", ""31.1.1"", ""31.2"", ""31.3"", ""31.3.0"", ""31.4"", ""31.5"", ""31.5.1"", ""31.5.2"", ""31.5.3"", ""31.6"", ""31.8"", ""38.0"", ""38.0.1"", ""38.0.5"", ""38.1.0"", ""38.1.1"", ""38.2.0"", ""38.2.1"", ""38.3.0"", ""38.4.0"", ""38.5.0"", ""38.5.1"", ""38.5.2"", ""38.6.0"", ""38.6.1"", ""38.7.0"", ""38.7.1"", ""38.8.0"", ""45.0.2"", ""45.1.0"", ""45.1.1"", ""45.2.0"", ""45.3.0"", ""45.4.0"", ""45.5.0""], ""Thunderbird"": [""0.1"", ""0.2"", ""0.3"", ""0.4"", ""0.5"", ""0.6"", ""0.7"", ""0.7.1"", ""0.7.2"", ""0.7.3"", ""0.8"", ""0.9"", ""1.0"", ""1.0.1"", ""1.0.2"", ""1.0.3"", ""1.0.4"", ""1.0.5"", ""1.0.6"", ""1.0.7"", ""1.0.8"", ""1.5"", ""1.5.0.1"", ""1.5.0.2"", ""1.5.0.3"", ""1.5.0.4"", ""1.5.0.5"", ""1.5.0.6"", ""1.5.0.7"", ""1.5.0.8"", ""1.5.0.9"", ""1.5.0.10"", ""1.5.0.11"", ""1.5.0.12"", ""1.5.0.13"", ""1.5.0.14"", ""1.5.1"", ""1.5.2"", ""1.7.1"", ""1.7.3"", ""2.0"", ""2.0.0.0"", ""2.0.0.1"", ""2.0.0.2"", ""2.0.0.3"", ""2.0.0.4"", ""2.0.0.5"", ""2.0.0.6"", ""2.0.0.7"", ""2.0.0.8"", ""2.0.0.9"", ""2.0.0.11"", ""2.0.0.12"", ""2.0.0.13"", ""2.0.0.14"", ""2.0.0.15"", ""2.0.0.16"", ""2.0.0.17"", ""2.0.0.18"", ""2.0.0.19"", ""2.0.0.20"", ""2.0.0.21"", ""2.0.0.22"", ""2.0.0.23"", ""2.0.14"", ""3.0"", ""3.0.1"", ""3.0.2"", ""3.0.3"", ""3.0.4"", ""3.0.5"", ""3.0.6"", ""3.0.7"", ""3.0.8"", ""3.0.9"", ""3.0.10"", ""3.0.11"", ""3.1"", ""3.1.1"", ""3.1.2"", ""3.1.3"", ""3.1.4"", ""3.1.5"", ""3.1.6"", ""3.1.7"", ""3.1.8"", ""3.1.9"", ""3.1.10"", ""3.1.11"", ""3.1.12"", ""3.1.13"", ""3.1.14"", ""3.1.15"", ""3.1.16"", ""3.1.17"", ""3.1.18"", ""3.1.19"", ""5.0"", ""6.0"", ""6.0.1"", ""6.0.2"", ""7.0"", ""7.0.1"", ""8.0"", ""9.0"", ""9.0.1"", ""10.0"", ""10.0.1"", ""10.0.2"", ""10.0.3"", ""10.0.4"", ""11.0"", ""11.0.1"", ""12.0"", ""12.0.1"", ""13.0"", ""13.0.1"", ""14.0"", ""15.0"", ""15.0.1"", ""16.0"", ""16.0.1"", ""16.0.2"", ""17.0"", ""17.0.1"", ""17.0.2"", ""17.0.3"", ""17.0.4"", ""17.0.5"", ""17.0.6"", ""17.0.7"", ""17.0.8"", ""17.0.9"", ""17.0.10"", ""24.0"", ""24.0.1"", ""24.1"", ""24.1.0"", ""24.1.1"", ""24.2"", ""24.2.0"", ""24.3"", ""24.3.0"", ""24.4"", ""24.4.0"", ""24.5"", ""24.5.0"", ""24.6"", ""24.6.0"", ""24.7"", ""24.7.0"", ""24.8"", ""31.0"", ""31.1.0"", ""31.1.2"", ""31.2"", ""31.2.0"", ""31.3"", ""31.4"", ""31.4.0"", ""31.5"", ""31.5.0"", ""31.6"", ""31.6.0"", ""31.7.0"", ""31.8"", ""31.8.0"", ""32.0"", ""38.0"", ""38.0.1"", ""38.1"", ""38.1.0"", ""38.2.0"", ""38.3.0"", ""38.4.0"", ""38.5.0"", ""38.5.1"", ""38.6.0"", ""38.7.0"", ""38.7.1"", ""38.7.2"", ""38.8.0"", ""45.0"", ""45.1.0"", ""45.1.1"", ""45.2.0"", ""45.3.0"", ""45.4.0"", ""45.5.0"", ""45.5.1"", ""45.6.0"", ""45.7.0"", ""45.7.1"", ""45.8.0"", ""52.0"", ""52.0.1"", ""52.1.0"", ""52.1.1"", ""52.2.0"", ""52.2.1""]}",https://bugzilla.mozilla.org/show_bug.cgi?id=1365875,1365875,"https://www.mozilla.org/security/advisories/mfsa2017-19/,https://www.mozilla.org/security/advisories/mfsa2017-18/,https://www.mozilla.org/security/advisories/mfsa2017-20/","MFSA-2017-19,MFSA-2017-18,MFSA-2017-20",,,,
CVE-2016-2839,https://www.cvedetails.com/cve/CVE-2016-2839,2016-08-04,2017-08-15,4.3,None,None,Partial,Medium,Not required,None,Denial Of Service,20,"{""Firefox"": [""47.0.1""], ""Firefox Esr"": [""45.1.0"", ""45.1.1"", ""45.2.0"", ""45.3.0""]}",https://bugzilla.mozilla.org/show_bug.cgi?id=1275339,1275339,https://www.mozilla.org/security/announce/2016/mfsa2016-65.html,MFSA-2016-65,,,,
CVE-2016-2830,https://www.cvedetails.com/cve/CVE-2016-2830,2016-08-04,2017-08-15,4.3,Partial,None,None,Medium,Not required,None,Obtain Information,200,"{""Firefox"": [""47.0.1""], ""Firefox Esr"": [""45.1.0"", ""45.1.1"", ""45.2.0"", ""45.3.0""]}",https://bugzilla.mozilla.org/show_bug.cgi?id=1255270,1255270,https://www.mozilla.org/security/announce/2016/mfsa2016-63.html,MFSA-2016-63,,,,
CVE-2016-2824,https://www.cvedetails.com/cve/CVE-2016-2824,2016-06-13,2018-10-30,6.8,Partial,Partial,Partial,Medium,Not required,None,"Denial Of Service,Overflow",119,"{""Firefox"": [""46.0.1""], ""Firefox Esr"": [""45.1.0"", ""45.1.1""]}",https://bugzilla.mozilla.org/show_bug.cgi?id=1248580,1248580,https://www.mozilla.org/security/announce/2016/mfsa2016-53.html,MFSA-2016-53,,,,
CVE-2016-2831,https://www.cvedetails.com/cve/CVE-2016-2831,2016-06-13,2018-10-30,5.8,None,Partial,Partial,Medium,Not required,None,Denial Of Service,284,"{""Firefox"": [""46.0.1""], ""Firefox Esr"": [""45.1.0"", ""45.1.1""]}",https://bugzilla.mozilla.org/show_bug.cgi?id=1261933,1261933,https://www.mozilla.org/security/announce/2016/mfsa2016-58.html,MFSA-2016-58,,,,
CVE-2015-2716,https://www.cvedetails.com/cve/CVE-2015-2716,2015-05-14,2018-10-30,7.5,Partial,Partial,Partial,Low,Not required,None,"Execute Code,Overflow",119,"{""Firefox"": [""37.0.2""], ""Firefox Esr"": [""31.0"", ""31.1"", ""31.1.0"", ""31.1.1"", ""31.2"", ""31.3"", ""31.3.0"", ""31.4"", ""31.5"", ""31.5.1"", ""31.5.2"", ""31.5.3"", ""31.6.0""], ""Thunderbird"": [""31.5""]}",https://bugzilla.mozilla.org/show_bug.cgi?id=1140537,1140537,https://www.mozilla.org/security/announce/2015/mfsa2015-54.html,MFSA-2015-54,,,,
CVE-2015-0818,https://www.cvedetails.com/cve/CVE-2015-0818,2015-03-23,2016-12-21,7.5,Partial,Partial,Partial,Low,Not required,None,"Execute Code,Bypass a restriction or similar",264,"{""Firefox"": [""36.0.3""], ""Firefox Esr"": [""31.0"", ""31.1"", ""31.1.0"", ""31.1.1"", ""31.2"", ""31.3"", ""31.3.0"", ""31.4"", ""31.5"", ""31.5.1"", ""31.5.2""], ""Seamonkey"": [""2.33.0""]}",https://bugzilla.mozilla.org/show_bug.cgi?id=1144988,1144988,https://www.mozilla.org/security/announce/2015/mfsa2015-28.html,MFSA-2015-28,,,,
CVE-2015-0831,https://www.cvedetails.com/cve/CVE-2015-0831,2015-02-25,2019-04-22,6.8,Partial,Partial,Partial,Medium,Not required,None,"Denial Of Service,Execute Code,Memory corruption",,"{""Firefox"": [""0.1"", ""0.2"", ""0.3"", ""0.4"", ""0.5"", ""0.6"", ""0.6.1"", ""0.7"", ""0.7.1"", ""0.8"", ""0.9"", ""0.9.1"", ""0.9.2"", ""0.9.3"", ""0.10"", ""0.10.1"", ""1.0"", ""1.0.1"", ""1.0.2"", ""1.0.3"", ""1.0.4"", ""1.0.5"", ""1.0.6"", ""1.0.7"", ""1.0.8"", ""1.4.1"", ""1.5"", ""1.5.0.1"", ""1.5.0.2"", ""1.5.0.3"", ""1.5.0.4"", ""1.5.0.5"", ""1.5.0.6"", ""1.5.0.7"", ""1.5.0.8"", ""1.5.0.9"", ""1.5.0.10"", ""1.5.0.11"", ""1.5.0.12"", ""1.5.1"", ""1.5.2"", ""1.5.3"", ""1.5.4"", ""1.5.5"", ""1.5.6"", ""1.5.7"", ""1.5.8"", ""1.8"", ""2.0"", ""2.0.0.1"", ""2.0.0.2"", ""2.0.0.3"", ""2.0.0.4"", ""2.0.0.5"", ""2.0.0.6"", ""2.0.0.7"", ""2.0.0.8"", ""2.0.0.9"", ""2.0.0.10"", ""2.0.0.11"", ""2.0.0.12"", ""2.0.0.13"", ""2.0.0.14"", ""2.0.0.15"", ""2.0.0.16"", ""2.0.0.17"", ""2.0.0.18"", ""2.0.0.19"", ""2.0.0.20"", ""3.0"", ""3.0.1"", ""3.0.2"", ""3.0.3"", ""3.0.4"", ""3.0.5"", ""3.0.6"", ""3.0.7"", ""3.0.8"", ""3.0.9"", ""3.0.10"", ""3.0.11"", ""3.0.12"", ""3.0.13"", ""3.0.14"", ""3.0.15"", ""3.0.16"", ""3.0.17"", ""3.0.18"", ""3.0.19"", ""3.5"", ""3.5.1"", ""3.5.2"", ""3.5.3"", ""3.5.4"", ""3.5.5"", ""3.5.6"", ""3.5.7"", ""3.5.8"", ""3.5.9"", ""3.5.10"", ""3.5.11"", ""3.5.12"", ""3.5.13"", ""3.5.14"", ""3.5.15"", ""3.5.16"", ""3.5.17"", ""3.5.18"", ""3.5.19"", ""3.6"", ""3.6.2"", ""3.6.3"", ""3.6.4"", ""3.6.6"", ""3.6.7"", ""3.6.8"", ""3.6.9"", ""3.6.10"", ""3.6.11"", ""3.6.12"", ""3.6.13"", ""3.6.14"", ""3.6.15"", ""3.6.16"", ""3.6.17"", ""3.6.18"", ""3.6.19"", ""3.6.20"", ""3.6.21"", ""3.6.22"", ""3.6.23"", ""3.6.24"", ""3.6.25"", ""3.6.26"", ""3.6.27"", ""3.6.28"", ""4.0"", ""4.0.1"", ""5.0"", ""5.0.1"", ""6.0"", ""6.0.1"", ""6.0.2"", ""7.0"", ""7.0.1"", ""8.0"", ""8.0.1"", ""9.0"", ""9.0.1"", ""10.0"", ""10.0.1"", ""10.0.2"", ""10.0.3"", ""10.0.4"", ""10.0.5"", ""10.0.6"", ""10.0.7"", ""10.0.8"", ""10.0.9"", ""10.0.10"", ""10.0.11"", ""10.0.12"", ""11.0"", ""12.0"", ""13.0"", ""13.0.1"", ""14.0"", ""14.0.1"", ""15.0"", ""15.0.1"", ""16.0"", ""16.0.1"", ""16.0.2"", ""17.0"", ""17.0.1"", ""17.0.2"", ""17.0.3"", ""17.0.4"", ""17.0.5"", ""17.0.6"", ""17.0.7"", ""17.0.8"", ""17.0.9"", ""17.0.10"", ""17.0.11"", ""18.0"", ""18.0.1"", ""18.0.2"", ""19.0"", ""19.0.1"", ""19.0.2"", ""20.0"", ""20.0.1"", ""21.0"", ""22.0"", ""23.0"", ""23.0.1"", ""24.0"", ""24.1"", ""24.1.1"", ""25.0"", ""25.0.1"", ""26.0"", ""27.0"", ""27.0.1"", ""28.0"", ""29.0"", ""29.0.1"", ""30.0"", ""31.0"", ""31.1.0"", ""32.0"", ""33.0"", ""34.0.5"", ""35.0.1""], ""Firefox Esr"": [""31.0"", ""31.1"", ""31.1.1"", ""31.2"", ""31.3"", ""31.4"", ""31.5""], ""Thunderbird"": [""31.0"", ""31.1.2"", ""31.2"", ""31.3"", ""31.4""]}",https://bugzilla.mozilla.org/show_bug.cgi?id=1130541,1130541,https://www.mozilla.org/security/announce/2015/mfsa2015-16.html,MFSA-2015-16,,,,
CVE-2015-0816,https://www.cvedetails.com/cve/CVE-2015-0816,2015-04-01,2017-09-16,5.0,None,Partial,None,Low,Not required,None,"Execute Code,Bypass a restriction or similar",264,"{""Firefox"": [""36.0.4""], ""Firefox Esr"": [""31.5.3""], ""Thunderbird"": [""31.5""]}",https://bugzilla.mozilla.org/show_bug.cgi?id=1144991,1144991,https://www.mozilla.org/security/announce/2015/mfsa2015-33.html,MFSA-2015-33,,,,
CVE-2013-1690,https://www.cvedetails.com/cve/CVE-2013-1690,2013-06-25,2017-09-18,9.3,Complete,Complete,Complete,Medium,Not required,None,"Denial Of Service,Execute Code,Overflow",119,"{""Firefox"": [""19.0"", ""19.0.1"", ""19.0.2"", ""20.0"", ""20.0.1"", ""21.0""], ""Firefox Esr"": [""17.0"", ""17.0.1"", ""17.0.2"", ""17.0.3"", ""17.0.4"", ""17.0.5"", ""17.0.6""], ""Thunderbird"": [""17.0"", ""17.0.1"", ""17.0.2"", ""17.0.3"", ""17.0.4"", ""17.0.5"", ""17.0.6""], ""Thunderbird Esr"": [""17.0"", ""17.0.1"", ""17.0.2"", ""17.0.3"", ""17.0.4"", ""17.0.5"", ""17.0.6""]}","https://bugzilla.mozilla.org/show_bug.cgi?id=901365,https://bugzilla.mozilla.org/show_bug.cgi?id=857883","901365,857883",https://www.mozilla.org/security/announce/2013/mfsa2013-53.html,MFSA-2013-53,,,,
CVE-2013-1683,https://www.cvedetails.com/cve/CVE-2013-1683,2013-06-25,2017-09-18,10.0,Complete,Complete,Complete,Low,Not required,None,"Denial Of Service,Execute Code,Memory corruption",,"{""Firefox"": [""19.0"", ""19.0.1"", ""19.0.2"", ""20.0"", ""20.0.1"", ""21.0""]}","https://bugzilla.mozilla.org/show_bug.cgi?id=877287,https://bugzilla.mozilla.org/show_bug.cgi?id=876458,https://bugzilla.mozilla.org/show_bug.cgi?id=865883,https://bugzilla.mozilla.org/show_bug.cgi?id=865569,https://bugzilla.mozilla.org/show_bug.cgi?id=862182,https://bugzilla.mozilla.org/show_bug.cgi?id=863454,https://bugzilla.mozilla.org/show_bug.cgi?id=822941,https://bugzilla.mozilla.org/show_bug.cgi?id=834732,https://bugzilla.mozilla.org/show_bug.cgi?id=851418,https://bugzilla.mozilla.org/show_bug.cgi?id=846615","877287,876458,865883,865569,862182,863454,822941,834732,851418,846615",https://www.mozilla.org/security/announce/2013/mfsa2013-49.html,MFSA-2013-49,,,,
CVE-2013-1687,https://www.cvedetails.com/cve/CVE-2013-1687,2013-06-25,2017-09-18,9.3,Complete,Complete,Complete,Medium,Not required,None,"Execute Code,Cross Site Scripting",264,"{""Firefox"": [""19.0"", ""19.0.1"", ""19.0.2"", ""20.0"", ""20.0.1"", ""21.0""], ""Firefox Esr"": [""17.0"", ""17.0.1"", ""17.0.2"", ""17.0.3"", ""17.0.4"", ""17.0.5"", ""17.0.6""], ""Thunderbird"": [""17.0"", ""17.0.1"", ""17.0.2"", ""17.0.3"", ""17.0.4"", ""17.0.5"", ""17.0.6""], ""Thunderbird Esr"": [""17.0"", ""17.0.1"", ""17.0.2"", ""17.0.3"", ""17.0.4"", ""17.0.5"", ""17.0.6""]}","https://bugzilla.mozilla.org/show_bug.cgi?id=863933,https://bugzilla.mozilla.org/show_bug.cgi?id=866823","863933,866823",https://www.mozilla.org/security/announce/2013/mfsa2013-51.html,MFSA-2013-51,,,,
CVE-2013-1672,https://www.cvedetails.com/cve/CVE-2013-1672,2013-05-16,2017-09-18,6.9,Complete,Complete,Complete,Medium,Not required,None,"Gain privileges,Bypass a restriction or similar",264,"{""Firefox"": [""19.0"", ""19.0.1"", ""19.0.2"", ""20.0"", ""20.0.1""], ""Firefox Esr"": [""17.0"", ""17.0.1"", ""17.0.2"", ""17.0.3"", ""17.0.4"", ""17.0.5""], ""Thunderbird"": [""17.0"", ""17.0.1"", ""17.0.2"", ""17.0.3"", ""17.0.4"", ""17.0.5""], ""Thunderbird Esr"": [""17.0"", ""17.0.1"", ""17.0.2"", ""17.0.3"", ""17.0.4"", ""17.0.5""]}",https://bugzilla.mozilla.org/show_bug.cgi?id=850492,850492,https://www.mozilla.org/security/announce/2013/mfsa2013-44.html,MFSA-2013-44,,,,
CVE-2012-1127,https://www.cvedetails.com/cve/CVE-2012-1127,2012-04-25,2018-01-17,9.3,Complete,Complete,Complete,Medium,Not required,None,"Denial Of Service,Execute Code,Overflow,Memory corruption",119,"{""Firefox Mobile"": [""1.0"", ""4.0"", ""5.0"", ""6.0"", ""6.0.1"", ""6.0.2"", ""7.0"", ""8.0"", ""9.0"", ""10.0"", ""10.0.1"", ""10.0.2"", ""10.0.3""]}",https://bugzilla.mozilla.org/show_bug.cgi?id=733512,733512,https://www.mozilla.org/security/announce/2012/mfsa2012-21.html,MFSA-2012-21,,,,
CVE-2012-0467,https://www.cvedetails.com/cve/CVE-2012-0467,2012-04-25,2018-01-17,10.0,Complete,Complete,Complete,Low,Not required,None,"Denial Of Service,Execute Code,Memory corruption",,"{""Firefox"": [""4.0"", ""4.0.1"", ""5.0"", ""5.0.1"", ""6.0"", ""6.0.1"", ""6.0.2"", ""7.0"", ""7.0.1"", ""8.0"", ""8.0.1"", ""9.0"", ""9.0.1"", ""10.0"", ""10.0.1"", ""10.0.2"", ""11.0""], ""Firefox Esr"": [""10.0"", ""10.0.1"", ""10.0.2"", ""10.0.3""], ""Seamonkey"": [""1.0"", ""1.0.1"", ""1.0.2"", ""1.0.3"", ""1.0.4"", ""1.0.5"", ""1.0.6"", ""1.0.7"", ""1.0.8"", ""1.0.9"", ""1.1"", ""1.1.1"", ""1.1.2"", ""1.1.3"", ""1.1.4"", ""1.1.5"", ""1.1.6"", ""1.1.7"", ""1.1.8"", ""1.1.9"", ""1.1.10"", ""1.1.11"", ""1.1.12"", ""1.1.13"", ""1.1.14"", ""1.1.15"", ""1.1.16"", ""1.1.17"", ""1.1.18"", ""1.1.19"", ""1.5.0.8"", ""1.5.0.9"", ""1.5.0.10"", ""2.0"", ""2.0.1"", ""2.0.2"", ""2.0.3"", ""2.0.4"", ""2.0.5"", ""2.0.6"", ""2.0.7"", ""2.0.8"", ""2.0.9"", ""2.0.10"", ""2.0.11"", ""2.0.12"", ""2.0.13"", ""2.0.14"", ""2.1"", ""2.2"", ""2.3"", ""2.3.1"", ""2.3.2"", ""2.3.3"", ""2.4"", ""2.4.1"", ""2.5"", ""2.6"", ""2.6.1"", ""2.7"", ""2.7.1"", ""2.7.2"", ""2.8"", ""2.9""], ""Thunderbird"": [""5.0"", ""6.0"", ""6.0.1"", ""6.0.2"", ""7.0"", ""7.0.1"", ""8.0"", ""9.0"", ""9.0.1"", ""10.0"", ""10.0.1"", ""10.0.2"", ""10.0.3"", ""10.0.4"", ""11.0""], ""Thunderbird Esr"": [""10.0"", ""10.0.1"", ""10.0.2"", ""10.0.3""]}","https://bugzilla.mozilla.org/show_bug.cgi?id=740595,https://bugzilla.mozilla.org/show_bug.cgi?id=737875,https://bugzilla.mozilla.org/show_bug.cgi?id=737384,https://bugzilla.mozilla.org/show_bug.cgi?id=737182,https://bugzilla.mozilla.org/show_bug.cgi?id=737129,https://bugzilla.mozilla.org/show_bug.cgi?id=736609,https://bugzilla.mozilla.org/show_bug.cgi?id=736589,https://bugzilla.mozilla.org/show_bug.cgi?id=726332,https://bugzilla.mozilla.org/show_bug.cgi?id=726502,https://bugzilla.mozilla.org/show_bug.cgi?id=732941,https://bugzilla.mozilla.org/show_bug.cgi?id=732951,https://bugzilla.mozilla.org/show_bug.cgi?id=733282,https://bugzilla.mozilla.org/show_bug.cgi?id=733979,https://bugzilla.mozilla.org/show_bug.cgi?id=735073,https://bugzilla.mozilla.org/show_bug.cgi?id=735943,https://bugzilla.mozilla.org/show_bug.cgi?id=716556,https://bugzilla.mozilla.org/show_bug.cgi?id=723453,https://bugzilla.mozilla.org/show_bug.cgi?id=720305,https://bugzilla.mozilla.org/show_bug.cgi?id=706381,https://bugzilla.mozilla.org/show_bug.cgi?id=714614,https://bugzilla.mozilla.org/show_bug.cgi?id=708825,https://bugzilla.mozilla.org/show_bug.cgi?id=680456","740595,737875,737384,737182,737129,736609,736589,726332,726502,732941,732951,733282,733979,735073,735943,716556,723453,720305,706381,714614,708825,680456",https://www.mozilla.org/security/announce/2012/mfsa2012-20.html,MFSA-2012-20,,,,
CVE-2011-3866,https://www.cvedetails.com/cve/CVE-2011-3866,2011-09-28,2018-11-29,4.3,Partial,None,None,Medium,Not required,None,,264,"{""Firefox"": [""7.0""], ""Seamonkey"": [""1.0"", ""1.0.1"", ""1.0.2"", ""1.0.3"", ""1.0.4"", ""1.0.5"", ""1.0.6"", ""1.0.7"", ""1.0.8"", ""1.0.9"", ""1.1"", ""1.1.1"", ""1.1.2"", ""1.1.3"", ""1.1.4"", ""1.1.5"", ""1.1.6"", ""1.1.7"", ""1.1.8"", ""1.1.9"", ""1.1.10"", ""1.1.11"", ""1.1.12"", ""1.1.13"", ""1.1.14"", ""1.1.15"", ""1.1.16"", ""1.1.17"", ""1.1.18"", ""1.1.19"", ""1.5.0.8"", ""1.5.0.9"", ""1.5.0.10"", ""2.0"", ""2.0.1"", ""2.0.2"", ""2.0.3"", ""2.0.4"", ""2.0.5"", ""2.0.6"", ""2.0.7"", ""2.0.8"", ""2.0.9"", ""2.0.10"", ""2.0.11"", ""2.0.12"", ""2.0.13"", ""2.0.14"", ""2.1"", ""2.2"", ""2.3"", ""2.3.1"", ""2.3.2"", ""2.3.3""]}",https://bugzilla.mozilla.org/show_bug.cgi?id=682562,682562,https://www.mozilla.org/security/announce/2011/mfsa2011-45.html,MFSA-2011-45,,,,
CVE-2012-1126,https://www.cvedetails.com/cve/CVE-2012-1126,2012-04-25,2018-01-17,10.0,Complete,Complete,Complete,Low,Not required,None,"Denial Of Service,Execute Code,Overflow,Memory corruption",119,"{""Firefox Mobile"": [""1.0"", ""4.0"", ""5.0"", ""6.0"", ""6.0.1"", ""6.0.2"", ""7.0"", ""8.0"", ""9.0"", ""10.0"", ""10.0.1"", ""10.0.2"", ""10.0.3""]}",https://bugzilla.mozilla.org/show_bug.cgi?id=733512,733512,https://www.mozilla.org/security/announce/2012/mfsa2012-21.html,MFSA-2012-21,,,,
CVE-2009-3388,https://www.cvedetails.com/cve/CVE-2009-3388,2009-12-17,2017-09-18,9.3,Complete,Complete,Complete,Medium,Not required,None,"Denial Of Service,Execute Code",399,"{""Firefox"": [""3.5.1"", ""3.5.2"", ""3.5.3"", ""3.5.4"", ""3.5.5""], ""Seamonkey"": [""1.0"", ""1.0.1"", ""1.0.2"", ""1.0.3"", ""1.0.4"", ""1.0.5"", ""1.0.6"", ""1.0.7"", ""1.0.8"", ""1.0.9"", ""1.0.99"", ""1.1"", ""1.1.1"", ""1.1.2"", ""1.1.3"", ""1.1.4"", ""1.1.5"", ""1.1.6"", ""1.1.7"", ""1.1.8"", ""1.1.9"", ""1.1.10"", ""1.1.11"", ""1.1.12"", ""1.1.13"", ""1.1.14"", ""1.1.15"", ""1.1.16"", ""1.1.17"", ""1.5.0.8"", ""1.5.0.9"", ""1.5.0.10"", ""2.0"", ""2.0a1"", ""2.0a1pre""]}","https://bugzilla.mozilla.org/show_bug.cgi?id=523816,https://bugzilla.mozilla.org/show_bug.cgi?id=504843","523816,504843",https://www.mozilla.org/security/announce/2009/mfsa2009-66.html,MFSA-2009-66,,,,
CVE-2010-0175,https://www.cvedetails.com/cve/CVE-2010-0175,2010-04-05,2018-10-30,9.3,Complete,Complete,Complete,Medium,Not required,None,"Denial Of Service,Execute Code",399,"{""Firefox"": [""0.1"", ""0.2"", ""0.3"", ""0.4"", ""0.5"", ""0.6"", ""0.6.1"", ""0.7"", ""0.7.1"", ""0.8"", ""0.9"", ""0.9.1"", ""0.9.2"", ""0.9.3"", ""0.10"", ""0.10.1"", ""1.0"", ""1.0.1"", ""1.0.2"", ""1.0.3"", ""1.0.4"", ""1.0.5"", ""1.0.6"", ""1.0.7"", ""1.0.8"", ""1.5"", ""1.5.0.1"", ""1.5.0.2"", ""1.5.0.3"", ""1.5.0.4"", ""1.5.0.5"", ""1.5.0.6"", ""1.5.0.7"", ""1.5.0.8"", ""1.5.0.9"", ""1.5.0.10"", ""1.5.0.11"", ""1.5.0.12"", ""1.5.1"", ""1.5.2"", ""1.5.3"", ""1.5.4"", ""1.5.5"", ""1.5.6"", ""1.5.7"", ""1.5.8"", ""2.0"", ""2.0.0.1"", ""2.0.0.2"", ""2.0.0.3"", ""2.0.0.4"", ""2.0.0.5"", ""2.0.0.6"", ""2.0.0.7"", ""2.0.0.8"", ""2.0.0.9"", ""2.0.0.10"", ""2.0.0.11"", ""2.0.0.12"", ""2.0.0.13"", ""2.0.0.14"", ""2.0.0.15"", ""2.0.0.16"", ""2.0.0.17"", ""2.0.0.18"", ""2.0.0.19"", ""2.0.0.20"", ""3.0"", ""3.0.1"", ""3.0.2"", ""3.0.3"", ""3.0.4"", ""3.0.5"", ""3.0.6"", ""3.0.7"", ""3.0.8"", ""3.0.9"", ""3.0.10"", ""3.0.11"", ""3.0.12"", ""3.0.13"", ""3.0.14"", ""3.0.15"", ""3.0.16"", ""3.0.17"", ""3.5"", ""3.5.1"", ""3.5.2"", ""3.5.3"", ""3.5.4"", ""3.5.5"", ""3.5.6"", ""3.5.7""], ""Seamonkey"": [""1.0"", ""1.0.1"", ""1.0.2"", ""1.0.3"", ""1.0.4"", ""1.0.5"", ""1.0.6"", ""1.0.7"", ""1.0.8"", ""1.0.9"", ""1.1"", ""1.1.1"", ""1.1.2"", ""1.1.3"", ""1.1.4"", ""1.1.5"", ""1.1.6"", ""1.1.7"", ""1.1.8"", ""1.1.9"", ""1.1.10"", ""1.1.11"", ""1.1.12"", ""1.1.13"", ""1.1.14"", ""1.1.15"", ""1.1.16"", ""1.1.17"", ""1.1.18"", ""1.1.19"", ""2.0"", ""2.0.1"", ""2.0.2"", ""2.0.3"", ""2.0.4""], ""Thunderbird"": [""0.1"", ""0.2"", ""0.3"", ""0.4"", ""0.5"", ""0.6"", ""0.7"", ""0.7.1"", ""0.7.2"", ""0.7.3"", ""0.8"", ""0.9"", ""1.0"", ""1.0.1"", ""1.0.2"", ""1.0.3"", ""1.0.4"", ""1.0.5"", ""1.0.6"", ""1.0.7"", ""1.0.8"", ""1.5"", ""1.5.0.1"", ""1.5.0.2"", ""1.5.0.3"", ""1.5.0.4"", ""1.5.0.5"", ""1.5.0.6"", ""1.5.0.7"", ""1.5.0.8"", ""1.5.0.9"", ""1.5.0.10"", ""1.5.0.11"", ""1.5.0.12"", ""1.5.0.13"", ""1.5.0.14"", ""1.5.1"", ""1.5.2"", ""2.0"", ""2.0.0.0"", ""2.0.0.1"", ""2.0.0.2"", ""2.0.0.3"", ""2.0.0.4"", ""2.0.0.5"", ""2.0.0.6"", ""2.0.0.7"", ""2.0.0.8"", ""2.0.0.9"", ""2.0.0.12"", ""2.0.0.14"", ""2.0.0.16"", ""2.0.0.17"", ""2.0.0.18"", ""2.0.0.19"", ""2.0.0.21"", ""2.0.0.22"", ""2.0.0.23"", ""3.0.1"", ""3.0.2"", ""3.0.3""]}","https://bugzilla.mozilla.org/show_bug.cgi?id=540100,https://bugzilla.mozilla.org/show_bug.cgi?id=375928","540100,375928",https://www.mozilla.org/security/announce/2010/mfsa2010-17.html,MFSA-2010-17,,,,
CVE-2009-3386,https://www.cvedetails.com/cve/CVE-2009-3386,2009-11-20,2017-08-16,5.0,Partial,None,None,Low,Not required,None,Obtain Information,200,"{""Bugzilla"": [""3.3.2"", ""3.3.3"", ""3.3.4"", ""3.4"", ""3.4.1"", ""3.4.2"", ""3.4.3"", ""3.5"", ""3.5.1""]}",https://bugzilla.mozilla.org/show_bug.cgi?id=529416,529416,,,,,,
CVE-2010-0169,https://www.cvedetails.com/cve/CVE-2010-0169,2010-03-25,2018-10-30,5.0,None,Partial,None,Low,Not required,None,,,"{""Firefox"": [""3.0"", ""3.0.1"", ""3.0.10"", ""3.0.11"", ""3.0.12"", ""3.0.13"", ""3.0.14"", ""3.0.15"", ""3.0.16"", ""3.0.17"", ""3.5"", ""3.5.1"", ""3.5.2"", ""3.5.3"", ""3.5.4"", ""3.5.5"", ""3.5.6"", ""3.5.7"", ""3.6""], ""Seamonkey"": [""1.1"", ""1.1.1"", ""1.1.2"", ""1.1.3"", ""1.1.4"", ""1.1.5"", ""1.1.6"", ""1.1.7"", ""1.1.8"", ""1.1.9"", ""1.1.10"", ""1.1.11"", ""1.1.12"", ""1.1.13"", ""1.1.14"", ""1.1.15"", ""1.1.16"", ""1.1.17"", ""1.1.18"", ""1.1.19"", ""2.0"", ""2.0.1"", ""2.0.2""], ""Thunderbird"": [""1.5"", ""1.5.0.1"", ""1.5.0.2"", ""1.5.0.3"", ""1.5.0.4"", ""1.5.0.5"", ""1.5.0.6"", ""1.5.0.7"", ""1.5.0.8"", ""1.5.0.9"", ""1.5.0.10"", ""1.5.0.11"", ""1.5.0.12"", ""1.5.0.13"", ""1.5.0.14"", ""1.5.1"", ""1.5.2"", ""2.0.0.0"", ""2.0.0.3"", ""2.0.0.4"", ""2.0.0.5"", ""2.0.0.6"", ""2.0.0.7"", ""2.0.0.8"", ""2.0.0.9"", ""2.0.0.12"", ""2.0.0.14"", ""2.0.0.16"", ""2.0.0.17"", ""2.0.0.18"", ""2.0.0.19"", ""3.0.1""]}",https://bugzilla.mozilla.org/show_bug.cgi?id=535806,535806,https://www.mozilla.org/security/announce/2010/mfsa2010-14.html,MFSA-2010-14,,,,
CVE-2007-4841,https://www.cvedetails.com/cve/CVE-2007-4841,2007-09-12,2019-10-09,9.3,Complete,Complete,Complete,Medium,Not required,Admin,Execute Code,20,"{""Firefox"": [""2.0.0.8""], ""Seamonkey"": [""1.1.5""], ""Thunderbird"": [""2.0.0.8""]}",,,https://www.mozilla.org/security/announce/2007/mfsa2007-36.html,MFSA-2007-36,,,,
CVE-2008-0304,https://www.cvedetails.com/cve/CVE-2008-0304,2008-02-29,2017-09-28,7.5,Partial,Partial,Partial,Low,Not required,User,"Execute Code,Overflow",119,"{""Seamonkey"": [""1.1.7""], ""Thunderbird"": [""2.0.0.9""]}",,,https://www.mozilla.org/security/announce/2008/mfsa2008-12.html,MFSA-2008-12,,,,
CVE-2008-0593,https://www.cvedetails.com/cve/CVE-2008-0593,2008-02-08,2018-10-15,4.3,Partial,None,None,Medium,Not required,None,"Bypass a restriction or similar,Obtain Information",200,"{""Firefox"": [""0.2"", ""0.9.2"", ""1.0.2"", ""1.5.0.2"", ""1.5.0.12"", ""1.5.2"", ""2.0"", ""2.0.0.1"", ""2.0.0.10"", ""2.0.0.11""], ""Seamonkey"": [""1.0"", ""1.0.1"", ""1.0.2"", ""1.0.3"", ""1.0.4"", ""1.0.5"", ""1.0.6"", ""1.0.7"", ""1.0.8"", ""1.0.9"", ""1.0.99"", ""1.1"", ""1.1.1"", ""1.1.2"", ""1.1.10"", ""1.1.11"", ""1.1.12"", ""1.1.13"", ""1.1.14"", ""1.1.15"", ""1.1.16"", ""1.1.17""]}",https://bugzilla.mozilla.org/show_bug.cgi?id=397427,397427,https://www.mozilla.org/security/announce/2008/mfsa2008-10.html,MFSA-2008-10,,,,
CVE-2008-0417,https://www.cvedetails.com/cve/CVE-2008-0417,2008-02-08,2018-10-15,4.3,None,Partial,None,Medium,Not required,None,,94,"{""Firefox"": [""2.0.0.11""]}",https://bugzilla.mozilla.org/show_bug.cgi?id=394610,394610,https://www.mozilla.org/security/announce/2008/mfsa2008-04.html,MFSA-2008-04,,,,
CVE-2005-1157,https://www.cvedetails.com/cve/CVE-2005-1157,2005-05-02,2017-10-10,7.5,Partial,Partial,Partial,Low,Not required,None,,,"{""Firefox"": [""0.8"", ""0.9"", ""0.9.1"", ""0.9.2"", ""0.9.3"", ""0.10"", ""0.10.1"", ""1.0"", ""1.0.1"", ""1.0.2""], ""Mozilla"": [""1.3"", ""1.4"", ""1.4.1"", ""1.5"", ""1.5.1"", ""1.6"", ""1.7"", ""1.7.1"", ""1.7.2"", ""1.7.3"", ""1.7.5"", ""1.7.6""]}",https://bugzilla.mozilla.org/show_bug.cgi?id=290037,290037,https://www.mozilla.org/security/announce/mfsa2005-38.html,MFSA-2005-38,,,,
CVE-2005-2703,https://www.cvedetails.com/cve/CVE-2005-2703,2005-09-23,2017-10-10,5.0,None,Partial,None,Low,Not required,None,,94,"{""Firefox"": [""1.0"", ""1.0.1"", ""1.0.2"", ""1.0.3"", ""1.0.4"", ""1.0.5"", ""1.0.6""], ""Mozilla Suite"": [""1.7.6"", ""1.7.7"", ""1.7.8"", ""1.7.10"", ""1.7.11""]}",,,https://www.mozilla.org/security/announce/mfsa2005-58.html,MFSA-2005-58,,,,
CVE-2005-1563,https://www.cvedetails.com/cve/CVE-2005-1563,2005-05-14,2016-10-17,5.0,Partial,None,None,Low,Not required,None,,,"{""Bugzilla"": [""2.10"", ""2.12"", ""2.14"", ""2.14.1"", ""2.14.2"", ""2.14.3"", ""2.14.4"", ""2.14.5"", ""2.16"", ""2.16.1"", ""2.16.2"", ""2.16.3"", ""2.16.4"", ""2.16.5"", ""2.16.6"", ""2.16.7"", ""2.16.8"", ""2.16.9"", ""2.16.10"", ""2.18"", ""2.18.1"", ""2.19.1"", ""2.19.2""]}",https://bugzilla.mozilla.org/show_bug.cgi?id=287109,287109,,,,,,
CVE-2005-2266,https://www.cvedetails.com/cve/CVE-2005-2266,2005-07-13,2017-10-10,5.0,Partial,None,None,Low,Not required,None,,,"{""Firefox"": [""0.8"", ""0.9"", ""0.9.1"", ""0.9.2"", ""0.9.3"", ""0.10"", ""0.10.1"", ""1.0"", ""1.0.1"", ""1.0.2"", ""1.0.3"", ""1.0.4""], ""Mozilla"": [""1.3"", ""1.4"", ""1.4.1"", ""1.5"", ""1.5.1"", ""1.6"", ""1.7"", ""1.7.1"", ""1.7.2"", ""1.7.3"", ""1.7.5"", ""1.7.6"", ""1.7.7"", ""1.7.8""]}",,,https://www.mozilla.org/security/announce/mfsa2005-52.html,MFSA-2005-52,,,,
