Vulnerable,Git Commit Hash,Kind,Name,File,AltAvgLineBlank,AltAvgLineCode,AltAvgLineComment,AltCountLineBlank,AltCountLineCode,AltCountLineComment,AvgCyclomatic,AvgCyclomaticModified,AvgCyclomaticStrict,AvgEssential,AvgLine,AvgLineBlank,AvgLineCode,AvgLineComment,CountClassBase,CountClassCoupled,CountClassDerived,CountDeclClass,CountDeclClassMethod,CountDeclClassVariable,CountDeclFile,CountDeclFileCode,CountDeclFileHeader,CountDeclFunction,CountDeclInstanceMethod,CountDeclInstanceVariable,CountDeclInstanceVariablePrivate,CountDeclInstanceVariableProtected,CountDeclInstanceVariablePublic,CountDeclMethod,CountDeclMethodAll,CountDeclMethodConst,CountDeclMethodFriend,CountDeclMethodPrivate,CountDeclMethodProtected,CountDeclMethodPublic,CountInput,CountLine,CountLineBlank,CountLineCode,CountLineCodeDecl,CountLineCodeExe,CountLineComment,CountLineInactive,CountLinePreprocessor,CountOutput,CountPath,CountPathLog,CountSemicolon,CountStmt,CountStmtDecl,CountStmtEmpty,CountStmtExe,Cyclomatic,CyclomaticModified,CyclomaticStrict,Essential,Knots,MaxCyclomatic,MaxCyclomaticModified,MaxCyclomaticStrict,MaxEssential,MaxEssentialKnots,MaxInheritanceTree,MaxNesting,MinEssentialKnots,PercentLackOfCohesion,RatioCommentToCode,SumCyclomatic,SumCyclomaticModified,SumCyclomaticStrict,SumEssential
No,edac424073092fda118fb8514ad524d3a66a9ae6,Struct,block_list,intl\dcigettext.c,0.0,0.0,0.0,0,5,0,0.0,0.0,0.0,0.0,0.0,0.0,0.0,0.0,0.0,0.0,0.0,,0.0,0.0,,,,,0.0,2.0,0.0,0.0,2.0,0.0,0.0,0.0,0.0,0.0,0.0,0.0,,5,0,5,3,0,0,0,0,,,,,2,2,0,0,,,,,,0.0,0.0,0.0,0.0,,0.0,0,,0.0,0.0,0.0,0.0,0.0,0.0
No,edac424073092fda118fb8514ad524d3a66a9ae6,File,dcigettext.c,intl\dcigettext.c,11.0,59.0,12.0,159,842,196,12.0,12.0,13.0,5.0,82.0,8.0,41.0,10.0,,,,0.0,,,,,,4.0,,,,,,,,,,,,,,1188,112,332,143,122,139,414,247,,,,206.0,328,214,9,105,,,,,,41.0,41.0,47.0,19.0,,,5,,,0.42,47.0,47.0,53.0,22.0
No,edac424073092fda118fb8514ad524d3a66a9ae6,Function,found(),intl\dcigettext.c,,,,0,7,2,,,,,,,,,,,,,,,,,,,,,,,,,,,,,,,7.0,9,0,7,3,3,2,0,0,4.0,1.0,0.0,2.0,2,0,0,2,3.0,3.0,3.0,1.0,0.0,,,,,0.0,,0,0.0,,0.29,,,,
No,edac424073092fda118fb8514ad524d3a66a9ae6,Function,"getgrouplist(const char *,gid_t,gid_t *,int *)",grp\initgroups.c,,,,5,21,5,,,,,,,,,,,,,,,,,,,,,,,,,,,,,,,4.0,31,5,21,5,13,5,0,0,9.0,3.0,0.0,12.0,14,3,0,11,3.0,3.0,3.0,1.0,2.0,,,,,0.0,,1,0.0,,0.24,,,,
No,edac424073092fda118fb8514ad524d3a66a9ae6,File,initgroups.c,grp\initgroups.c,10.0,39.0,7.0,43,138,43,7.0,7.0,8.0,3.0,56.0,9.0,34.0,6.0,,,,0.0,,,,,,3.0,,,,,,,,,,,,,,224,40,109,26,68,41,16,18,,,,56.0,72,20,0,52,,,,,,13.0,13.0,15.0,8.0,,,4,,,0.38,20.0,20.0,24.0,10.0
No,edac424073092fda118fb8514ad524d3a66a9ae6,Static Function,"internal_getgrouplist(const char *,gid_t,long int *,gid_t **,long int)",grp\initgroups.c,,,,14,69,5,,,,,,,,,,,,,,,,,,,,,,,,,,,,,,,8.0,88,13,57,11,41,4,12,2,8.0,676.0,3.0,26.0,38,8,0,30,13.0,13.0,15.0,8.0,11.0,,,,,11.0,,4,8.0,,0.07,,,,
No,edac424073092fda118fb8514ad524d3a66a9ae6,Struct,known_translation_t,intl\dcigettext.c,0.0,0.0,0.0,5,10,6,0.0,0.0,0.0,0.0,0.0,0.0,0.0,0.0,0.0,1.0,0.0,,0.0,0.0,,,,,0.0,7.0,0.0,0.0,7.0,0.0,0.0,0.0,0.0,0.0,0.0,0.0,,21,5,10,8,0,6,0,0,,,,,7,7,0,0,,,,,,0.0,0.0,0.0,0.0,,0.0,0,,0.0,0.6,0.0,0.0,0.0,0.0
No,edac424073092fda118fb8514ad524d3a66a9ae6,Function,"libintl_dcigettext(const char *,const char *,const char *,int,unsigned long int,int)",intl\dcigettext.c,,,,44,211,46,,,,,,,,,,,,,,,,,,,,,,,,,,,,,,,17.0,300,32,140,31,85,35,84,10,18.0,194341.0,5.0,101.0,131,23,8,100,41.0,41.0,47.0,19.0,23.0,,,,,23.0,,5,22.0,,0.25,,,,
No,edac424073092fda118fb8514ad524d3a66a9ae6,Static Function,"mempcpy(void *,const void *,size_t)",intl\dcigettext.c,,,,0,8,0,,,,,,,,,,,,,,,,,,,,,,,,,,,,,,,4.0,8,0,8,5,1,0,0,0,2.0,1.0,0.0,1.0,1,0,0,1,1.0,1.0,1.0,1.0,0.0,,,,,0.0,,0,0.0,,0.0,,,,
No,edac424073092fda118fb8514ad524d3a66a9ae6,Function,static_link_warning(),grp\initgroups.c,,,,11,27,11,,,,,,,,,,,,,,,,,,,,,,,,,,,,,,,1.0,49,9,23,9,14,10,4,3,8.0,4.0,1.0,14.0,16,5,0,11,4.0,4.0,6.0,1.0,2.0,,,,,0.0,,1,0.0,,0.43,,,,
No,edac424073092fda118fb8514ad524d3a66a9ae6,Static Function,"stpcpy(char *,const char *)",intl\dcigettext.c,,,,0,9,1,,,,,,,,,,,,,,,,,,,,,,,,,,,,,,,3.0,9,0,9,4,2,1,0,0,1.0,2.0,0.0,2.0,3,0,1,2,2.0,2.0,2.0,1.0,0.0,,,,,0.0,,1,0.0,,0.11,,,,
Yes,a334319f6530564d22e775935d9c91663623a1b4,Function,"getgrouplist(const char *,gid_t,gid_t *,int *)",grp\initgroups.c,,,,5,21,5,,,,,,,,,,,,,,,,,,,,,,,,,,,,,,,4.0,31,5,21,5,13,5,0,0,9.0,3.0,0.0,12,14,3,0,11,3.0,3.0,3.0,1.0,2.0,,,,,0.0,,1,0.0,,0.24,,,,
Yes,a334319f6530564d22e775935d9c91663623a1b4,File,initgroups.c,grp\initgroups.c,10.0,39.0,7.0,43,137,42,6.0,6.0,8.0,3.0,55.0,9.0,33.0,6.0,,,,0.0,,,,,,3.0,,,,,,,,,,,,,,222,40,108,26,67,40,16,18,,,,56,71,20,0,51,,,,,,12.0,12.0,14.0,8.0,,,4,,,0.37,19.0,19.0,23.0,10.0
Yes,a334319f6530564d22e775935d9c91663623a1b4,Static Function,"internal_getgrouplist(const char *,gid_t,long int *,gid_t **,long int)",grp\initgroups.c,,,,14,68,4,,,,,,,,,,,,,,,,,,,,,,,,,,,,,,,8.0,86,13,56,11,40,3,12,2,8.0,338.0,3.0,26,37,8,0,29,12.0,12.0,14.0,8.0,11.0,,,,,11.0,,4,8.0,,0.05,,,,
Yes,a334319f6530564d22e775935d9c91663623a1b4,Function,static_link_warning(),grp\initgroups.c,,,,11,27,11,,,,,,,,,,,,,,,,,,,,,,,,,,,,,,,1.0,49,9,23,9,14,10,4,3,8.0,4.0,1.0,14,16,5,0,11,4.0,4.0,6.0,1.0,2.0,,,,,0.0,,1,0.0,,0.43,,,,
Yes,9cfe5381a17b19e6558902606a59e6ad6695e410,Struct,block_list,intl\dcigettext.c,0.0,0.0,0.0,0,5,0,0.0,0.0,0.0,0.0,0.0,0.0,0.0,0.0,0.0,0.0,0.0,,0.0,0.0,,,,,0.0,2.0,0.0,0.0,2.0,0.0,0.0,0.0,0.0,0.0,0.0,0.0,,5,0,5,3,0,0,0,0,,,,,2,2,0,0,,,,,,0.0,0.0,0.0,0.0,,0.0,0,,0.0,0.0,0.0,0.0,0.0,0.0
Yes,9cfe5381a17b19e6558902606a59e6ad6695e410,File,dcigettext.c,intl\dcigettext.c,11.0,59.0,12.0,158,841,196,12.0,12.0,13.0,5.0,81.0,8.0,41.0,10.0,,,,0.0,,,,,,4.0,,,,,,,,,,,,,,1186,112,332,143,122,139,412,247,,,,206.0,328,214,9,105,,,,,,41.0,41.0,47.0,19.0,,,5,,,0.42,47.0,47.0,53.0,22.0
Yes,9cfe5381a17b19e6558902606a59e6ad6695e410,Function,found(),intl\dcigettext.c,,,,0,7,2,,,,,,,,,,,,,,,,,,,,,,,,,,,,,,,7.0,9,0,7,3,3,2,0,0,4.0,1.0,0.0,2.0,2,0,0,2,3.0,3.0,3.0,1.0,0.0,,,,,0.0,,0,0.0,,0.29,,,,
Yes,9cfe5381a17b19e6558902606a59e6ad6695e410,Struct,known_translation_t,intl\dcigettext.c,0.0,0.0,0.0,5,10,6,0.0,0.0,0.0,0.0,0.0,0.0,0.0,0.0,0.0,1.0,0.0,,0.0,0.0,,,,,0.0,7.0,0.0,0.0,7.0,0.0,0.0,0.0,0.0,0.0,0.0,0.0,,21,5,10,8,0,6,0,0,,,,,7,7,0,0,,,,,,0.0,0.0,0.0,0.0,,0.0,0,,0.0,0.6,0.0,0.0,0.0,0.0
Yes,9cfe5381a17b19e6558902606a59e6ad6695e410,Function,"libintl_dcigettext(const char *,const char *,const char *,int,unsigned long int,int)",intl\dcigettext.c,,,,43,210,46,,,,,,,,,,,,,,,,,,,,,,,,,,,,,,,17.0,298,32,140,31,85,35,82,10,18.0,194341.0,5.0,101.0,131,23,8,100,41.0,41.0,47.0,19.0,23.0,,,,,23.0,,5,22.0,,0.25,,,,
Yes,9cfe5381a17b19e6558902606a59e6ad6695e410,Static Function,"mempcpy(void *,const void *,size_t)",intl\dcigettext.c,,,,0,8,0,,,,,,,,,,,,,,,,,,,,,,,,,,,,,,,4.0,8,0,8,5,1,0,0,0,2.0,1.0,0.0,1.0,1,0,0,1,1.0,1.0,1.0,1.0,0.0,,,,,0.0,,0,0.0,,0.0,,,,
Yes,9cfe5381a17b19e6558902606a59e6ad6695e410,Static Function,"stpcpy(char *,const char *)",intl\dcigettext.c,,,,0,9,1,,,,,,,,,,,,,,,,,,,,,,,,,,,,,,,3.0,9,0,9,4,2,1,0,0,1.0,2.0,0.0,2.0,3,0,1,2,2.0,2.0,2.0,1.0,0.0,,,,,0.0,,1,0.0,,0.11,,,,
No,6c215a8d6c972ca3324107109c393f21e782fb10,Function,"__printf_fphex(FILE *,const struct printf_info *,const void *const *)",stdio-common\printf_fphex.c,,,,50,312,42,,,,,,,,,,,,,,,,,,,,,,,,,,,,,,,22.0,402,50,306,56,194,42,2,4,22.0,1732564520.0,9.0,217,304,57,0,247,126.0,126.0,153.0,94.0,152.0,,,,,146.0,,6,137.0,,0.14,,,,
No,6c215a8d6c972ca3324107109c393f21e782fb10,Function,"getgrouplist(const char *,gid_t,gid_t *,int *)",grp\initgroups.c,,,,6,14,5,,,,,,,,,,,,,,,,,,,,,,,,,,,,,,,4.0,25,6,14,6,10,5,0,0,9.0,2.0,0.0,9,10,4,0,6,3.0,3.0,3.0,1.0,1.0,,,,,0.0,,1,0.0,,0.36,,,,
No,6c215a8d6c972ca3324107109c393f21e782fb10,File,initgroups.c,grp\initgroups.c,10.0,37.0,7.0,44,131,43,6.0,6.0,8.0,3.0,54.0,9.0,31.0,6.0,,,,0.0,,,,,,3.0,,,,,,,,,,,,,,218,41,102,27,65,41,16,18,,,,54,68,21,0,47,,,,,,12.0,12.0,14.0,8.0,,,4,,,0.4,19.0,19.0,23.0,10.0
No,6c215a8d6c972ca3324107109c393f21e782fb10,Static Function,"internal_getgrouplist(const char *,gid_t,long int *,gid_t **,long int)",grp\initgroups.c,,,,14,69,5,,,,,,,,,,,,,,,,,,,,,,,,,,,,,,,8.0,88,13,57,11,41,4,12,2,9.0,338.0,3.0,27,38,8,0,30,12.0,12.0,14.0,8.0,11.0,,,,,11.0,,4,8.0,,0.07,,,,
No,6c215a8d6c972ca3324107109c393f21e782fb10,File,printf_fphex.c,stdio-common\printf_fphex.c,50.0,312.0,42.0,60,368,70,126.0,126.0,153.0,94.0,402.0,50.0,306.0,42.0,,,,0.0,,,,,,1.0,,,,,,,,,,,,,,493,60,307,57,194,68,12,59,,,,218,306,59,0,247,,,,,,126.0,126.0,153.0,94.0,,,6,,,0.22,126.0,126.0,153.0,94.0
No,6c215a8d6c972ca3324107109c393f21e782fb10,Function,static_link_warning(),grp\initgroups.c,,,,11,27,11,,,,,,,,,,,,,,,,,,,,,,,,,,,,,,,1.0,49,9,23,9,14,10,4,3,8.0,4.0,1.0,14,16,5,0,11,4.0,4.0,6.0,1.0,2.0,,,,,0.0,,1,0.0,,0.43,,,,
Yes,edac424073092fda118fb8514ad524d3a66a9ae6,Function,"getgrouplist(const char *,gid_t,gid_t *,int *)",grp\initgroups.c,,,,5,21,5,,,,,,,,,,,,,,,,,,,,,,,,,,,,,,,4.0,31,5,21,5,13,5,0,0,9.0,3.0,0.0,12,14,3,0,11,3.0,3.0,3.0,1.0,2.0,,,,,0.0,,1,0.0,,0.24,,,,
Yes,edac424073092fda118fb8514ad524d3a66a9ae6,File,initgroups.c,grp\initgroups.c,10.0,39.0,7.0,43,138,43,7.0,7.0,8.0,3.0,56.0,9.0,34.0,6.0,,,,0.0,,,,,,3.0,,,,,,,,,,,,,,224,40,109,26,68,41,16,18,,,,56,72,20,0,52,,,,,,13.0,13.0,15.0,8.0,,,4,,,0.38,20.0,20.0,24.0,10.0
Yes,edac424073092fda118fb8514ad524d3a66a9ae6,Static Function,"internal_getgrouplist(const char *,gid_t,long int *,gid_t **,long int)",grp\initgroups.c,,,,14,69,5,,,,,,,,,,,,,,,,,,,,,,,,,,,,,,,8.0,88,13,57,11,41,4,12,2,8.0,676.0,3.0,26,38,8,0,30,13.0,13.0,15.0,8.0,11.0,,,,,11.0,,4,8.0,,0.07,,,,
Yes,edac424073092fda118fb8514ad524d3a66a9ae6,Function,static_link_warning(),grp\initgroups.c,,,,11,27,11,,,,,,,,,,,,,,,,,,,,,,,,,,,,,,,1.0,49,9,23,9,14,10,4,3,8.0,4.0,1.0,14,16,5,0,11,4.0,4.0,6.0,1.0,2.0,,,,,0.0,,1,0.0,,0.43,,,,
Yes,9c06eb66b5b4662c22532ab03525eab46c4cf2eb,Function,"__printf_fphex(FILE *,const struct printf_info *,const void *const *)",stdio-common\printf_fphex.c,,,,50,309,42,,,,,,,,,,,,,,,,,,,,,,,,,,,,,,,22.0,399,50,303,56,193,42,2,4,22.0,1732564520.0,9.0,216,303,57,0,246,126.0,126.0,153.0,94.0,152.0,,,,,146.0,,6,137.0,,0.14,,,,
Yes,9c06eb66b5b4662c22532ab03525eab46c4cf2eb,File,printf_fphex.c,stdio-common\printf_fphex.c,50.0,309.0,42.0,60,365,70,126.0,126.0,153.0,94.0,399.0,50.0,303.0,42.0,,,,0.0,,,,,,1.0,,,,,,,,,,,,,,490,60,304,57,193,68,12,59,,,,217,305,59,0,246,,,,,,126.0,126.0,153.0,94.0,,,6,,,0.22,126.0,126.0,153.0,94.0
No,4e8f95a0df7c2300b830ec12c0ae1e161bc8a8a3,Function,"_nl_remove_locale(int,struct __locale_data *)",locale\findlocale.c,,,,3,17,6,,,,,,,,,,,,,,,,,,,,,,,,,,,,,,,7.0,26,3,17,5,8,6,0,0,5.0,4.0,1.0,5,8,1,0,7,4.0,4.0,4.0,1.0,0.0,,,,,0.0,,3,0.0,,0.35,,,,
No,4e8f95a0df7c2300b830ec12c0ae1e161bc8a8a3,Static Function,do_test(),localedata\tst-setlocale3.c,,,,3,53,3,,,,,,,,,,,,,,,,,,,,,,,,,,,,,,,1.0,59,3,53,8,39,3,0,0,15.0,4.0,1.0,36,39,6,0,33,4.0,4.0,4.0,4.0,3.0,,,,,3.0,,1,3.0,,0.06,,,,
No,4e8f95a0df7c2300b830ec12c0ae1e161bc8a8a3,File,findlocale.c,locale\findlocale.c,1.0,15.0,4.0,40,217,91,4.0,4.0,7.0,2.0,20.0,1.0,15.0,4.0,,,,0.0,,,,,,3.0,,,,,,,,,,,,,,348,40,192,96,80,91,3,25,,,,77,191,172,0,19,,,,,,6.0,6.0,15.0,6.0,,,3,,,0.47,11.0,11.0,21.0,8.0
No,4e8f95a0df7c2300b830ec12c0ae1e161bc8a8a3,Static Function,name_present(const char *),locale\findlocale.c,,,,0,5,0,,,,,,,,,,,,,,,,,,,,,,,,,,,,,,,1.0,5,0,5,2,1,0,0,0,1.0,1.0,0.0,1,1,0,0,1,1.0,1.0,2.0,1.0,0.0,,,,,0.0,,0,0.0,,0.0,,,,
No,4e8f95a0df7c2300b830ec12c0ae1e161bc8a8a3,Static Function,"setlocale_copy(int,const char *)",localedata\tst-setlocale3.c,,,,0,8,0,,,,,,,,,,,,,,,,,,,,,,,,,,,,,,,5.0,8,0,8,3,4,0,0,0,3.0,2.0,0.0,3,4,1,0,3,2.0,2.0,2.0,1.0,1.0,,,,,0.0,,1,0.0,,0.0,,,,
No,4e8f95a0df7c2300b830ec12c0ae1e161bc8a8a3,Static Function,setlocale_fail(const char *),localedata\tst-setlocale3.c,,,,0,17,0,,,,,,,,,,,,,,,,,,,,,,,,,,,,,,,3.0,17,0,17,3,9,0,0,0,5.0,4.0,1.0,6,8,1,0,7,3.0,3.0,3.0,1.0,0.0,,,,,0.0,,1,0.0,,0.0,,,,
No,4e8f95a0df7c2300b830ec12c0ae1e161bc8a8a3,Static Function,setlocale_ignore(const char *),localedata\tst-setlocale3.c,,,,1,37,0,,,,,,,,,,,,,,,,,,,,,,,,,,,,,,,3.0,38,1,37,5,25,0,0,0,9.0,16.0,1.0,19,23,3,0,20,5.0,5.0,5.0,1.0,0.0,,,,,0.0,,1,0.0,,0.0,,,,
No,4e8f95a0df7c2300b830ec12c0ae1e161bc8a8a3,Static Function,setlocale_success(const char *),localedata\tst-setlocale3.c,,,,1,44,0,,,,,,,,,,,,,,,,,,,,,,,,,,,,,,,4.0,45,1,44,4,28,0,0,0,7.0,64.0,2.0,17,23,2,0,21,7.0,7.0,7.0,1.0,0.0,,,,,0.0,,1,0.0,,0.0,,,,
No,4e8f95a0df7c2300b830ec12c0ae1e161bc8a8a3,File,tst-setlocale3.c,localedata\tst-setlocale3.c,1.0,32.0,1.0,13,166,24,4.0,4.0,4.0,1.0,33.0,1.0,32.0,1.0,,,,0.0,,,,,,5.0,,,,,,,,,,,,,,203,13,160,24,105,24,0,6,,,,82,102,18,0,84,,,,,,7.0,7.0,7.0,4.0,,,1,,,0.15,21.0,21.0,21.0,8.0
No,4e8f95a0df7c2300b830ec12c0ae1e161bc8a8a3,Static Function,valid_locale_name(const char *),locale\findlocale.c,,,,0,24,5,,,,,,,,,,,,,,,,,,,,,,,,,,,,,,,1.0,29,0,24,4,20,5,0,0,5.0,6.0,1.0,8,13,2,0,11,6.0,6.0,15.0,6.0,5.0,,,,,5.0,,1,5.0,,0.21,,,,
Yes,a1ffb40e32741f992c743e7b16c061fefa3747ac,Function,"_nl_remove_locale(int,struct __locale_data *)",locale\findlocale.c,,,,3,17,6,,,,,,,,,,,,,,,,,,,,,,,,,,,,,,,7.0,26,3,17,5,8,6,0,0,5.0,4.0,1.0,5,8,1,0,7,4.0,4.0,4.0,1.0,0.0,,,,,0.0,,3,0.0,,0.35,,,,
Yes,a1ffb40e32741f992c743e7b16c061fefa3747ac,File,findlocale.c,locale\findlocale.c,3.0,17.0,6.0,38,183,79,4.0,4.0,4.0,1.0,26.0,3.0,17.0,6.0,,,,0.0,,,,,,1.0,,,,,,,,,,,,,,300,38,159,88,57,79,3,24,,,,65,177,170,0,7,,,,,,4.0,4.0,4.0,1.0,,,3,,,0.5,4.0,4.0,4.0,1.0
No,11e3417af6e354f1942c68a271ae51e892b2814d,Function,"__ns_name_ntop(,,)",nss_dns\dns-network.c,,,,9,43,3,,,,,,,,,,,,,,,,,,,,,,,,,,,,,,,9.0,55,9,43,21,19,3,0,0,8.0,5.0,1.0,17.0,21,7,0,14,6.0,6.0,8.0,3.0,2.0,,,,,2.0,,2,2.0,,0.07,,,,
No,11e3417af6e354f1942c68a271ae51e892b2814d,Function,"_nss_dns_getnetbyaddr_r(uint32_t,int,struct netent *,char *,size_t,int *,int *)",nss_dns\dns-network.c,,,,9,68,9,,,,,,,,,,,,,,,,,,,,,,,,,,,,,,,10.0,85,9,68,18,45,9,0,0,11.0,82.0,2.0,36.0,49,12,0,37,14.0,11.0,17.0,4.0,9.0,,,,,3.0,,2,3.0,,0.13,,,,
No,11e3417af6e354f1942c68a271ae51e892b2814d,File,dns-network.c,nss_dns\dns-network.c,13.0,93.0,18.0,57,308,113,17.0,16.0,24.0,10.0,122.0,13.0,93.0,18.0,,,,0.0,,,,,,3.0,,,,,,,,,,,,,,469,57,290,80,176,113,1,18,,,,148.0,194,49,0,145,,,,,,32.0,31.0,46.0,25.0,,,7,,,0.39,52.0,48.0,71.0,32.0
No,11e3417af6e354f1942c68a271ae51e892b2814d,Static Function,"getanswer_r(const querybuf *,int,struct netent *,char *,size_t,int *,int *,lookup_method)",nss_dns\dns-network.c,,,,22,169,43,,,,,,,,,,,,,,,,,,,,,,,,,,,,,,,16.0,227,22,169,31,112,43,0,0,24.0,30071.0,4.0,88.0,117,23,0,94,32.0,31.0,46.0,25.0,56.0,,,,,56.0,,7,55.0,,0.25,,,,
No,11e3417af6e354f1942c68a271ae51e892b2814d,Struct,net_data,nss_dns\dns-network.c,0.0,0.0,0.0,0,5,0,0.0,0.0,0.0,0.0,0.0,0.0,0.0,0.0,0.0,0.0,0.0,,0.0,0.0,,,,,0.0,2.0,0.0,0.0,2.0,0.0,0.0,0.0,0.0,0.0,0.0,0.0,,5,0,5,3,0,0,0,0,,,,,2,2,0,0,,,,,,0.0,0.0,0.0,0.0,,0.0,0,,0.0,0.0,0.0,0.0,0.0,0.0
No,11e3417af6e354f1942c68a271ae51e892b2814d,Union,querybuf,nss_dns\dns-network.c,0.0,0.0,0.0,0,5,0,0.0,0.0,0.0,0.0,0.0,0.0,0.0,0.0,0.0,0.0,0.0,,0.0,0.0,,,,,0.0,2.0,0.0,0.0,2.0,0.0,0.0,0.0,0.0,0.0,0.0,0.0,,5,0,5,3,0,0,0,0,,,,,2,2,0,0,,,,,,0.0,0.0,0.0,0.0,,0.0,0,,0.0,0.0,0.0,0.0,0.0,0.0
Yes,ab09bf616ad527b249aca5f2a4956fd526f0712f,Function,"__ns_name_ntop(,,)",nss_dns\dns-network.c,,,,9,43,3,,,,,,,,,,,,,,,,,,,,,,,,,,,,,,,9.0,55,9,43,21,19,3,0,0,8.0,5.0,1.0,17.0,21,7,0,14,6.0,6.0,8.0,3.0,2.0,,,,,2.0,,2,2.0,,0.07,,,,
Yes,ab09bf616ad527b249aca5f2a4956fd526f0712f,Function,"_nss_dns_getnetbyaddr_r(uint32_t,int,struct netent *,char *,size_t,int *,int *)",nss_dns\dns-network.c,,,,9,68,9,,,,,,,,,,,,,,,,,,,,,,,,,,,,,,,10.0,85,9,68,18,45,9,0,0,11.0,82.0,2.0,36.0,49,12,0,37,14.0,11.0,17.0,4.0,9.0,,,,,3.0,,2,3.0,,0.13,,,,
Yes,ab09bf616ad527b249aca5f2a4956fd526f0712f,File,dns-network.c,nss_dns\dns-network.c,13.0,93.0,18.0,57,308,113,17.0,16.0,24.0,10.0,122.0,13.0,93.0,18.0,,,,0.0,,,,,,3.0,,,,,,,,,,,,,,469,57,290,80,177,113,1,18,,,,146.0,192,49,0,143,,,,,,32.0,31.0,46.0,25.0,,,7,,,0.39,52.0,48.0,71.0,32.0
Yes,ab09bf616ad527b249aca5f2a4956fd526f0712f,Static Function,"getanswer_r(const querybuf *,int,struct netent *,char *,size_t,int *,int *,lookup_method)",nss_dns\dns-network.c,,,,22,169,43,,,,,,,,,,,,,,,,,,,,,,,,,,,,,,,16.0,227,22,169,31,113,43,0,0,24.0,30071.0,4.0,86.0,115,23,0,92,32.0,31.0,46.0,25.0,56.0,,,,,56.0,,7,55.0,,0.25,,,,
Yes,ab09bf616ad527b249aca5f2a4956fd526f0712f,Struct,net_data,nss_dns\dns-network.c,0.0,0.0,0.0,0,5,0,0.0,0.0,0.0,0.0,0.0,0.0,0.0,0.0,0.0,0.0,0.0,,0.0,0.0,,,,,0.0,2.0,0.0,0.0,2.0,0.0,0.0,0.0,0.0,0.0,0.0,0.0,,5,0,5,3,0,0,0,0,,,,,2,2,0,0,,,,,,0.0,0.0,0.0,0.0,,0.0,0,,0.0,0.0,0.0,0.0,0.0,0.0
Yes,ab09bf616ad527b249aca5f2a4956fd526f0712f,Union,querybuf,nss_dns\dns-network.c,0.0,0.0,0.0,0,5,0,0.0,0.0,0.0,0.0,0.0,0.0,0.0,0.0,0.0,0.0,0.0,,0.0,0.0,,,,,0.0,2.0,0.0,0.0,2.0,0.0,0.0,0.0,0.0,0.0,0.0,0.0,,5,0,5,3,0,0,0,0,,,,,2,2,0,0,,,,,,0.0,0.0,0.0,0.0,,0.0,0,,0.0,0.0,0.0,0.0,0.0,0.0
No,4a28f4d55a6cc33474c0792fe93b5942d81bf185,Static Function,"EXT(INT,const CHAR *,const CHAR *,const CHAR *,int,int,size_t)",posix\fnmatch_loop.c,,,,15,169,29,,,,,,,,,,,,,,,,,,,,,,,,,,,,,,,11.0,213,15,145,22,105,29,0,24,16.0,2880.0,3.0,82.0,117,20,0,97,52.0,48.0,68.0,31.0,70.0,,,,,70.0,,5,70.0,,0.2,,,,
No,4a28f4d55a6cc33474c0792fe93b5942d81bf185,Static Function,"FCT(const CHAR *,const CHAR *,const CHAR *,int,int,struct STRUCT *,size_t)",posix\fnmatch_loop.c,,,,102,758,107,,,,,,,,,,,,,,,,,,,,,,,,,,,,,,,11.0,967,51,354,39,251,37,511,63,26.0,1559.0,3.0,145.0,235,24,6,205,95.0,88.0,166.0,79.0,476.0,,,,,476.0,,7,475.0,,0.1,,,,
No,4a28f4d55a6cc33474c0792fe93b5942d81bf185,Struct,STRUCT,posix\fnmatch_loop.c,0.0,0.0,0.0,0,6,0,0.0,0.0,0.0,0.0,0.0,0.0,0.0,0.0,0.0,0.0,0.0,,0.0,0.0,,,,,0.0,3.0,0.0,0.0,3.0,0.0,0.0,0.0,0.0,0.0,0.0,0.0,,6,0,6,4,0,0,0,0,,,,,3,3,0,0,,,,,,0.0,0.0,0.0,0.0,,0.0,0,,0.0,0.0,0.0,0.0,0.0,0.0
No,4a28f4d55a6cc33474c0792fe93b5942d81bf185,Function,do_test(),posix\tst-fnmatch3.c,,,,0,9,0,,,,,,,,,,,,,,,,,,,,,,,,,,,,,,,0.0,9,0,9,2,5,0,0,0,2.0,3.0,0.0,3.0,5,0,0,5,3.0,3.0,3.0,3.0,2.0,,,,,2.0,,1,2.0,,0.0,,,,
No,4a28f4d55a6cc33474c0792fe93b5942d81bf185,File,fnmatch_loop.c,posix\fnmatch_loop.c,59.0,464.0,68.0,130,987,161,74.0,68.0,117.0,55.0,590.0,33.0,250.0,33.0,,,,0.0,,,,,,2.0,,,,,,,,,,,,,,1278,79,541,80,359,91,511,105,,,,250.0,418,110,6,302,,,,,,95.0,88.0,166.0,79.0,,,7,,,0.17,147.0,136.0,234.0,110.0
No,4a28f4d55a6cc33474c0792fe93b5942d81bf185,Struct,patternlist,posix\fnmatch_loop.c,0.0,0.0,0.0,0,6,0,0.0,0.0,0.0,0.0,0.0,0.0,0.0,0.0,0.0,0.0,0.0,,0.0,0.0,,,,,0.0,3.0,0.0,0.0,3.0,0.0,0.0,0.0,0.0,0.0,0.0,0.0,,6,0,6,4,0,0,0,0,,,,,3,3,0,0,,,,,,0.0,0.0,0.0,0.0,,0.0,0,,0.0,0.0,0.0,0.0,0.0,0.0
No,4a28f4d55a6cc33474c0792fe93b5942d81bf185,File,tst-fnmatch3.c,posix\tst-fnmatch3.c,0.0,9.0,0.0,3,12,17,3.0,3.0,3.0,3.0,9.0,0.0,9.0,0.0,,,,0.0,,,,,,1.0,,,,,,,,,,,,,,32,3,9,2,5,17,0,3,,,,3.0,5,0,0,5,,,,,,3.0,3.0,3.0,3.0,,,1,,,1.89,3.0,3.0,3.0,3.0
Yes,b168057aaacf1d149246d0eb3e84332492d35063,Static Function,"EXT(INT,const CHAR *,const CHAR *,const CHAR *,int,int,size_t)",posix\fnmatch_loop.c,,,,15,169,29,,,,,,,,,,,,,,,,,,,,,,,,,,,,,,,11.0,213,15,145,22,105,29,0,24,16.0,2880.0,3.0,82.0,117,20,0,97,52.0,48.0,68.0,31.0,70.0,,,,,70.0,,5,70.0,,0.2,,,,
Yes,b168057aaacf1d149246d0eb3e84332492d35063,Static Function,"FCT(const CHAR *,const CHAR *,const CHAR *,int,int,struct STRUCT *,size_t)",posix\fnmatch_loop.c,,,,102,759,107,,,,,,,,,,,,,,,,,,,,,,,,,,,,,,,11.0,968,51,355,39,252,37,511,63,26.0,1559.0,3.0,146.0,236,24,6,206,95.0,88.0,166.0,79.0,476.0,,,,,476.0,,7,475.0,,0.1,,,,
Yes,b168057aaacf1d149246d0eb3e84332492d35063,Struct,STRUCT,posix\fnmatch_loop.c,0.0,0.0,0.0,0,6,0,0.0,0.0,0.0,0.0,0.0,0.0,0.0,0.0,0.0,0.0,0.0,,0.0,0.0,,,,,0.0,3.0,0.0,0.0,3.0,0.0,0.0,0.0,0.0,0.0,0.0,0.0,,6,0,6,4,0,0,0,0,,,,,3,3,0,0,,,,,,0.0,0.0,0.0,0.0,,0.0,0,,0.0,0.0,0.0,0.0,0.0,0.0
Yes,b168057aaacf1d149246d0eb3e84332492d35063,File,fnmatch_loop.c,posix\fnmatch_loop.c,59.0,464.0,68.0,130,988,161,74.0,68.0,117.0,55.0,591.0,33.0,250.0,33.0,,,,0.0,,,,,,2.0,,,,,,,,,,,,,,1279,79,542,80,360,91,511,105,,,,251.0,419,110,6,303,,,,,,95.0,88.0,166.0,79.0,,,7,,,0.17,147.0,136.0,234.0,110.0
Yes,b168057aaacf1d149246d0eb3e84332492d35063,Struct,patternlist,posix\fnmatch_loop.c,0.0,0.0,0.0,0,6,0,0.0,0.0,0.0,0.0,0.0,0.0,0.0,0.0,0.0,0.0,0.0,,0.0,0.0,,,,,0.0,3.0,0.0,0.0,3.0,0.0,0.0,0.0,0.0,0.0,0.0,0.0,,6,0,6,4,0,0,0,0,,,,,3,3,0,0,,,,,,0.0,0.0,0.0,0.0,,0.0,0,,0.0,0.0,0.0,0.0,0.0,0.0
Yes,b168057aaacf1d149246d0eb3e84332492d35063,Function,do_test(),posix\tst-fnmatch3.c,,,,1,6,0,,,,,,,,,,,,,,,,,,,,,,,,,,,,,,,0.0,7,1,6,3,2,0,0,0,2.0,1.0,0.0,2,2,1,0,1,1.0,1.0,1.0,1.0,0.0,,,,,0.0,,0,0.0,,0.0,,,,
Yes,b168057aaacf1d149246d0eb3e84332492d35063,File,tst-fnmatch3.c,posix\tst-fnmatch3.c,1.0,6.0,0.0,4,9,17,1.0,1.0,1.0,1.0,7.0,1.0,6.0,0.0,,,,0.0,,,,,,1.0,,,,,,,,,,,,,,30,4,6,3,2,17,0,3,,,,2,2,1,0,1,,,,,,1.0,1.0,1.0,1.0,,,0,,,2.83,1.0,1.0,1.0,1.0
No,e9db92d3acfe1822d56d11abcea5bfc4c41cf6ca,Static Function,__attribute(),resolv\res_send.c,,,,0,7,0,,,,,,,,,,,,,,,,,,,,,,,,,,,,,,,1.0,7,0,7,3,3,0,0,0,4.0,1.0,0.0,3.0,3,0,0,3,1.0,1.0,1.0,1.0,0.0,,,,,0.0,,0,0.0,,0.0,,,,
No,e9db92d3acfe1822d56d11abcea5bfc4c41cf6ca,Function,"__res_nameinquery(const char *,int,int,const u_char *,const u_char *)",resolv\res_send.c,,,,2,23,0,,,,,,,,,,,,,,,,,,,,,,,,,,,,,,,6.0,25,2,23,9,15,0,0,0,4.0,5.0,1.0,18.0,22,6,0,16,7.0,7.0,9.0,5.0,9.0,,,,,9.0,,2,9.0,,0.0,,,,
No,e9db92d3acfe1822d56d11abcea5bfc4c41cf6ca,Function,"__res_nquerydomain(res_state,const char *,const char *,int,int,u_char *,int)",resolv\res_query.c,,,,0,12,3,,,,,,,,,,,,,,,,,,,,,,,,,,,,,,,7.0,12,0,12,7,3,3,0,0,2.0,1.0,0.0,1.0,1,0,0,1,1.0,1.0,1.0,1.0,0.0,,,,,0.0,,0,0.0,,0.25,,,,
No,e9db92d3acfe1822d56d11abcea5bfc4c41cf6ca,Function,"__res_nsend(res_state,const u_char *,int,u_char *,int)",resolv\res_send.c,,,,0,7,0,,,,,,,,,,,,,,,,,,,,,,,,,,,,,,,5.0,7,0,7,3,2,0,0,0,2.0,1.0,0.0,1.0,1,0,0,1,1.0,1.0,1.0,1.0,0.0,,,,,0.0,,0,0.0,,0.0,,,,
No,e9db92d3acfe1822d56d11abcea5bfc4c41cf6ca,Function,__res_state(),,,,,0,0,0,,,,,,,,,,,,,,,,,,,,,,,,,,,,,,,12.0,0,0,0,0,0,0,0,0,16.0,0.0,0.0,0.0,0,0,0,0,0.0,0.0,0.0,0.0,0.0,,,,,0.0,,0,0.0,,0.0,,,,
No,e9db92d3acfe1822d56d11abcea5bfc4c41cf6ca,Function,"_nss_dns_gethostbyname4_r(const char *,struct gaih_addrtuple **,char *,size_t,int *,int *,int32_t *)",resolv\nss_dns\dns-host.c,,,,7,67,8,,,,,,,,,,,,,,,,,,,,,,,,,,,,,,,10.0,82,7,67,21,46,8,0,0,12.0,109.0,2.0,31.0,44,13,0,31,13.0,9.0,13.0,6.0,7.0,,,,,6.0,,2,6.0,,0.12,,,,
No,e9db92d3acfe1822d56d11abcea5bfc4c41cf6ca,Function,"_nss_dns_gethostbyname_r(const char *,struct hostent *,char *,size_t,int *,int *)",resolv\nss_dns\dns-host.c,,,,2,14,0,,,,,,,,,,,,,,,,,,,,,,,,,,,,,,,7.0,16,2,14,5,8,0,0,0,2.0,4.0,1.0,4.0,6,1,0,5,3.0,3.0,3.0,1.0,0.0,,,,,0.0,,1,0.0,,0.0,,,,
No,e9db92d3acfe1822d56d11abcea5bfc4c41cf6ca,Static Function,"addrsort(char **,int)",resolv\nss_dns\dns-host.c,,,,4,37,0,,,,,,,,,,,,,,,,,,,,,,,,,,,,,,,8.0,41,4,37,8,25,0,0,0,1.0,70.0,2.0,24.0,33,5,0,28,10.0,10.0,12.0,8.0,6.0,,,,,6.0,,3,4.0,,0.0,,,,
No,e9db92d3acfe1822d56d11abcea5bfc4c41cf6ca,File,dns-host.c,resolv\nss_dns\dns-host.c,11.0,92.0,20.0,136,980,271,17.0,15.0,23.0,11.0,120.0,11.0,90.0,20.0,,,,0.0,,,,,,10.0,,,,,,,,,,,,,,1357,136,932,202,631,269,19,34,,,,476.0,640,111,0,529,,,,,,63.0,59.0,89.0,48.0,,,4,,,0.29,166.0,151.0,228.0,110.0
No,e9db92d3acfe1822d56d11abcea5bfc4c41cf6ca,Static Function,"evAddTime(struct timespec *,const struct timespec *,const struct timespec *)",resolv\res_send.c,,,,0,10,0,,,,,,,,,,,,,,,,,,,,,,,,,,,,,,,6.0,10,0,10,3,5,0,0,0,4.0,2.0,0.0,4.0,5,0,0,5,2.0,2.0,2.0,1.0,0.0,,,,,0.0,,1,0.0,,0.0,,,,
No,e9db92d3acfe1822d56d11abcea5bfc4c41cf6ca,Static Function,"evCmpTime(struct timespec,struct timespec)",resolv\res_send.c,,,,1,7,0,,,,,,,,,,,,,,,,,,,,,,,,,,,,,,,5.0,8,1,7,3,4,0,0,0,1.0,2.0,0.0,3.0,4,1,0,3,4.0,4.0,4.0,1.0,0.0,,,,,0.0,,1,0.0,,0.0,,,,
No,e9db92d3acfe1822d56d11abcea5bfc4c41cf6ca,Static Function,"evConsTime(struct timespec *,time_t,long)",resolv\res_send.c,,,,0,5,0,,,,,,,,,,,,,,,,,,,,,,,,,,,,,,,4.0,5,0,5,2,2,0,0,0,4.0,1.0,0.0,2.0,2,0,0,2,1.0,1.0,1.0,1.0,0.0,,,,,0.0,,0,0.0,,0.0,,,,
No,e9db92d3acfe1822d56d11abcea5bfc4c41cf6ca,Static Function,evNowTime(struct timespec *),resolv\res_send.c,,,,1,8,0,,,,,,,,,,,,,,,,,,,,,,,,,,,,,,,2.0,9,1,8,3,4,0,0,0,3.0,2.0,0.0,3.0,4,1,0,3,2.0,2.0,2.0,1.0,1.0,,,,,0.0,,1,0.0,,0.0,,,,
No,e9db92d3acfe1822d56d11abcea5bfc4c41cf6ca,Static Function,"evSubTime(struct timespec *,const struct timespec *,const struct timespec *)",resolv\res_send.c,,,,0,12,0,,,,,,,,,,,,,,,,,,,,,,,,,,,,,,,6.0,12,0,12,3,7,0,0,0,4.0,2.0,0.0,4.0,5,0,0,5,2.0,2.0,2.0,1.0,1.0,,,,,0.0,,1,0.0,,0.0,,,,
No,e9db92d3acfe1822d56d11abcea5bfc4c41cf6ca,Static Function,"gaih_getanswer(const querybuf *,int,const querybuf *,int,const char *,struct gaih_addrtuple **,char *,size_t,int *,int *,int32_t *)",resolv\nss_dns\dns-host.c,,,,5,31,97,,,,,,,,,,,,,,,,,,,,,,,,,,,,,,,12.0,133,5,31,11,22,97,0,0,2.0,10.0,1.0,7.0,11,3,0,8,5.0,5.0,15.0,1.0,0.0,,,,,0.0,,2,0.0,,3.13,,,,
No,e9db92d3acfe1822d56d11abcea5bfc4c41cf6ca,Static Function,"gaih_getanswer_slice(const querybuf *,int,const char *,struct gaih_addrtuple ***,char **,size_t *,int *,int *,int32_t *,int *)",resolv\nss_dns\dns-host.c,,,,32,195,22,,,,,,,,,,,,,,,,,,,,,,,,,,,,,,,14.0,244,32,187,31,133,22,6,3,27.0,767244.0,6.0,98.0,126,20,0,106,32.0,32.0,48.0,23.0,59.0,,,,,59.0,,4,59.0,,0.12,,,,
No,e9db92d3acfe1822d56d11abcea5bfc4c41cf6ca,Static Function,"getanswer_r(const querybuf *,int,const char *,int,struct hostent *,char *,size_t,int *,int *,int,int32_t *,char **)",resolv\nss_dns\dns-host.c,,,,29,323,53,,,,,,,,,,,,,,,,,,,,,,,,,,,,,,,23.0,383,29,321,30,233,53,0,2,27.0,999999999.0,9.0,177.0,239,19,0,220,63.0,59.0,89.0,48.0,192.0,,,,,192.0,,4,192.0,,0.17,,,,
No,e9db92d3acfe1822d56d11abcea5bfc4c41cf6ca,Function,hidden_def(),resolv\nss_dns\dns-host.c,,,,2,9,0,,,,,,,,,,,,,,,,,,,,,,,,,,,,,,,6.0,11,2,9,6,2,0,0,0,1.0,1.0,0.0,1.0,1,0,0,1,1.0,1.0,1.0,1.0,0.0,,,,,0.0,,0,0.0,,0.0,,,,
No,e9db92d3acfe1822d56d11abcea5bfc4c41cf6ca,Function,hidden_def(),resolv\nss_dns\dns-host.c,,,,2,9,0,,,,,,,,,,,,,,,,,,,,,,,,,,,,,,,5.0,11,2,9,6,2,0,0,0,1.0,1.0,0.0,1.0,1,0,0,1,1.0,1.0,1.0,1.0,0.0,,,,,0.0,,0,0.0,,0.0,,,,
No,e9db92d3acfe1822d56d11abcea5bfc4c41cf6ca,Function,hidden_proto(enum nss_status),resolv\nss_dns\dns-host.c,,,,12,87,10,,,,,,,,,,,,,,,,,,,,,,,,,,,,,,,12.0,109,12,87,18,63,10,0,0,12.0,266.0,2.0,45.0,62,10,0,52,17.0,12.0,19.0,9.0,13.0,,,,,12.0,,3,12.0,,0.11,,,,
No,e9db92d3acfe1822d56d11abcea5bfc4c41cf6ca,Function,hidden_proto(enum nss_status),resolv\nss_dns\dns-host.c,,,,13,148,7,,,,,,,,,,,,,,,,,,,,,,,,,,,,,,,11.0,166,13,135,31,95,5,11,4,18.0,584.0,3.0,77.0,96,19,0,77,21.0,19.0,27.0,12.0,18.0,,,,,18.0,,3,18.0,,0.04,,,,
No,e9db92d3acfe1822d56d11abcea5bfc4c41cf6ca,Struct,host_data,resolv\nss_dns\dns-host.c,0.0,0.0,0.0,0,7,1,0.0,0.0,0.0,0.0,0.0,0.0,0.0,0.0,0.0,0.0,0.0,,0.0,0.0,,,,,0.0,4.0,0.0,0.0,4.0,0.0,0.0,0.0,0.0,0.0,0.0,0.0,,7,0,7,5,0,1,0,0,,,,,4,4,0,0,,,,,,0.0,0.0,0.0,0.0,,0.0,0,,0.0,0.14,0.0,0.0,0.0,0.0
No,e9db92d3acfe1822d56d11abcea5bfc4c41cf6ca,Struct,host_data,resolv\nss_dns\dns-host.c,0.0,0.0,0.0,0,6,1,0.0,0.0,0.0,0.0,0.0,0.0,0.0,0.0,0.0,0.0,0.0,,0.0,0.0,,,,,0.0,3.0,0.0,0.0,3.0,0.0,0.0,0.0,0.0,0.0,0.0,0.0,,6,0,6,4,0,1,0,0,,,,,3,3,0,0,,,,,,0.0,0.0,0.0,0.0,,0.0,0,,0.0,0.17,0.0,0.0,0.0,0.0
No,e9db92d3acfe1822d56d11abcea5bfc4c41cf6ca,Function,libresolv_hidden_def(),resolv\res_query.c,,,,1,11,4,,,,,,,,,,,,,,,,,,,,,,,,,,,,,,,6.0,12,1,11,8,2,4,0,0,1.0,1.0,0.0,1.0,1,0,0,1,1.0,1.0,1.0,1.0,0.0,,,,,0.0,,0,0.0,,0.36,,,,
No,e9db92d3acfe1822d56d11abcea5bfc4c41cf6ca,Function,libresolv_hidden_def(),resolv\res_query.c,,,,16,138,65,,,,,,,,,,,,,,,,,,,,,,,,,,,,,,,12.0,214,16,133,23,100,65,3,2,8.0,55488.0,5.0,61.0,88,10,0,78,27.0,25.0,54.0,14.0,19.0,,,,,18.0,,4,17.0,,0.49,,,,
No,e9db92d3acfe1822d56d11abcea5bfc4c41cf6ca,Function,libresolv_hidden_def(),resolv\res_query.c,,,,1,11,4,,,,,,,,,,,,,,,,,,,,,,,,,,,,,,,6.0,12,1,11,8,2,4,0,0,1.0,1.0,0.0,1.0,1,0,0,1,1.0,1.0,1.0,1.0,0.0,,,,,0.0,,0,0.0,,0.36,,,,
No,e9db92d3acfe1822d56d11abcea5bfc4c41cf6ca,Function,libresolv_hidden_def(),resolv\res_query.c,,,,3,43,9,,,,,,,,,,,,,,,,,,,,,,,,,,,,,,,8.0,52,3,38,17,18,9,3,2,5.0,4.0,1.0,14.0,17,3,0,14,4.0,4.0,4.0,4.0,5.0,,,,,5.0,,2,5.0,,0.24,,,,
No,e9db92d3acfe1822d56d11abcea5bfc4c41cf6ca,Function,libresolv_hidden_def(),resolv\res_query.c,,,,2,36,0,,,,,,,,,,,,,,,,,,,,,,,,,,,,,,,3.0,38,2,36,6,24,0,0,0,9.0,39.0,2.0,25.0,34,3,3,28,10.0,10.0,13.0,7.0,12.0,,,,,12.0,,3,12.0,,0.0,,,,
No,e9db92d3acfe1822d56d11abcea5bfc4c41cf6ca,Function,libresolv_hidden_def(),resolv\res_send.c,,,,6,31,18,,,,,,,,,,,,,,,,,,,,,,,,,,,,,,,3.0,55,6,31,11,22,18,0,0,3.0,8.0,1.0,22.0,29,6,0,23,10.0,10.0,12.0,8.0,12.0,,,,,12.0,,2,12.0,,0.58,,,,
No,e9db92d3acfe1822d56d11abcea5bfc4c41cf6ca,Function,libresolv_hidden_def(),resolv\res_send.c,,,,23,219,37,,,,,,,,,,,,,,,,,,,,,,,,,,,,,,,24.0,273,18,145,20,114,27,77,10,18.0,8642.0,4.0,64.0,90,6,1,83,31.0,31.0,46.0,18.0,38.0,,,,,38.0,,4,36.0,,0.19,,,,
No,e9db92d3acfe1822d56d11abcea5bfc4c41cf6ca,Function,libresolv_hidden_def(),resolv\res_send.c,,,,3,9,6,,,,,,,,,,,,,,,,,,,,,,,,,,,,,,,6.0,18,3,9,6,4,6,0,0,1.0,2.0,0.0,2.0,3,0,0,3,2.0,2.0,3.0,1.0,1.0,,,,,0.0,,1,0.0,,0.67,,,,
No,e9db92d3acfe1822d56d11abcea5bfc4c41cf6ca,Union,querybuf,resolv\nss_dns\dns-host.c,0.0,0.0,0.0,0,5,0,0.0,0.0,0.0,0.0,0.0,0.0,0.0,0.0,0.0,0.0,0.0,,0.0,0.0,,,,,0.0,2.0,0.0,0.0,2.0,0.0,0.0,0.0,0.0,0.0,0.0,0.0,,5,0,5,3,0,0,0,0,,,,,2,2,0,0,,,,,,0.0,0.0,0.0,0.0,,0.0,0,,0.0,0.0,0.0,0.0,0.0,0.0
No,e9db92d3acfe1822d56d11abcea5bfc4c41cf6ca,Static Function,"reopen(res_state,int *,int)",resolv\res_send.c,,,,3,30,12,,,,,,,,,,,,,,,,,,,,,,,,,,,,,,,8.0,45,3,30,6,21,12,0,0,11.0,13.0,1.0,14.0,20,2,0,18,7.0,7.0,8.0,4.0,5.0,,,,,4.0,,3,4.0,,0.4,,,,
No,e9db92d3acfe1822d56d11abcea5bfc4c41cf6ca,Function,"res_ourserver_p(const res_state,const struct sockaddr_in6 *)",resolv\res_send.c,,,,3,32,0,,,,,,,,,,,,,,,,,,,,,,,,,,,,,,,11.0,35,3,32,12,23,0,0,0,3.0,7.0,1.0,13.0,19,6,0,13,7.0,7.0,13.0,7.0,10.0,,,,,10.0,,3,10.0,,0.0,,,,
No,e9db92d3acfe1822d56d11abcea5bfc4c41cf6ca,File,res_query.c,resolv\res_query.c,4.0,42.0,14.0,46,453,179,7.0,7.0,12.0,4.0,57.0,4.0,40.0,14.0,,,,0.0,,,,,,6.0,,,,,,,,,,,,,,652,46,395,83,257,179,24,35,,,,164.0,237,35,4,198,,,,,,27.0,25.0,54.0,14.0,,,4,,,0.45,44.0,42.0,74.0,28.0
No,e9db92d3acfe1822d56d11abcea5bfc4c41cf6ca,File,res_send.c,resolv\res_send.c,5.0,60.0,13.0,108,1040,447,11.0,11.0,16.0,6.0,77.0,4.0,54.0,12.0,,,,0.0,,,,,,16.0,,,,,,,,,,,,,,1587,99,878,174,646,436,125,58,,,,427.0,579,100,1,478,,,,,,61.0,61.0,102.0,39.0,,,5,,,0.5,174.0,174.0,259.0,111.0
No,e9db92d3acfe1822d56d11abcea5bfc4c41cf6ca,Static Function,"send_dg(res_state,const u_char *,int,const u_char *,int,u_char **,int *,int *,int,int *,int *,u_char **,u_char **,int *,int *,int *)",resolv\res_send.c,,,,17,349,74,,,,,,,,,,,,,,,,,,,,,,,,,,,,,,,34.0,440,17,335,36,260,73,5,12,41.0,27136204.0,7.0,157.0,209,28,0,181,61.0,61.0,102.0,39.0,251.0,,,,,242.0,,5,242.0,,0.22,,,,
No,e9db92d3acfe1822d56d11abcea5bfc4c41cf6ca,Static Function,"send_vc(res_state,const u_char *,int,const u_char *,int,u_char **,int *,int *,int,u_char **,u_char **,int *,int *,int *)",resolv\res_send.c,,,,13,183,58,,,,,,,,,,,,,,,,,,,,,,,,,,,,,,,20.0,254,13,183,33,142,58,0,0,28.0,58380.0,5.0,107.0,134,23,0,111,32.0,32.0,45.0,19.0,37.0,,,,,35.0,,3,33.0,,0.32,,,,
No,e9db92d3acfe1822d56d11abcea5bfc4c41cf6ca,Static Function,"sock_eq(struct sockaddr_in6 *,struct sockaddr_in6 *)",resolv\res_send.c,,,,0,23,1,,,,,,,,,,,,,,,,,,,,,,,,,,,,,,,11.0,23,0,23,10,18,1,0,0,3.0,4.0,1.0,6.0,9,1,0,8,4.0,4.0,8.0,3.0,3.0,,,,,3.0,,2,3.0,,0.04,,,,
Yes,f7a9f785e547bd599dee496fd906a28bcb4ec7fe,Function,"_nss_dns_gethostbyname4_r(const char *,struct gaih_addrtuple **,char *,size_t,int *,int *,int32_t *)",nss_dns\dns-host.c,,,,7,67,8,,,,,,,,,,,,,,,,,,,,,,,,,,,,,,,10.0,82,7,67,21,46,8,0,0,12.0,109.0,2.0,31.0,44,13,0,31,13.0,9.0,13.0,6.0,7.0,,,,,6.0,,2,6.0,,0.12,,,,
Yes,f7a9f785e547bd599dee496fd906a28bcb4ec7fe,Function,"_nss_dns_gethostbyname_r(const char *,struct hostent *,char *,size_t,int *,int *)",nss_dns\dns-host.c,,,,2,14,0,,,,,,,,,,,,,,,,,,,,,,,,,,,,,,,7.0,16,2,14,5,8,0,0,0,2.0,4.0,1.0,4.0,6,1,0,5,3.0,3.0,3.0,1.0,0.0,,,,,0.0,,1,0.0,,0.0,,,,
Yes,f7a9f785e547bd599dee496fd906a28bcb4ec7fe,Static Function,"addrsort(char **,int)",nss_dns\dns-host.c,,,,4,37,0,,,,,,,,,,,,,,,,,,,,,,,,,,,,,,,8.0,41,4,37,8,25,0,0,0,1.0,70.0,2.0,24.0,33,5,0,28,10.0,10.0,12.0,8.0,6.0,,,,,6.0,,3,4.0,,0.0,,,,
Yes,f7a9f785e547bd599dee496fd906a28bcb4ec7fe,File,dns-host.c,nss_dns\dns-host.c,11.0,91.0,11.0,133,967,180,17.0,15.0,22.0,10.0,109.0,11.0,88.0,10.0,,,,0.0,,,,,,10.0,,,,,,,,,,,,,,1250,133,919,202,622,178,19,34,,,,471.0,633,111,0,522,,,,,,63.0,59.0,89.0,48.0,,,4,,,0.19,165.0,150.0,224.0,109.0
Yes,f7a9f785e547bd599dee496fd906a28bcb4ec7fe,Static Function,"gaih_getanswer(const querybuf *,int,const querybuf *,int,const char *,struct gaih_addrtuple **,char *,size_t,int *,int *,int32_t *)",nss_dns\dns-host.c,,,,3,27,6,,,,,,,,,,,,,,,,,,,,,,,,,,,,,,,12.0,36,3,27,11,18,6,0,0,2.0,6.0,1.0,6.0,9,3,0,6,4.0,4.0,11.0,1.0,0.0,,,,,0.0,,2,0.0,,0.22,,,,
Yes,f7a9f785e547bd599dee496fd906a28bcb4ec7fe,Static Function,"gaih_getanswer_slice(const querybuf *,int,const char *,struct gaih_addrtuple ***,char **,size_t *,int *,int *,int32_t *,int *)",nss_dns\dns-host.c,,,,31,186,22,,,,,,,,,,,,,,,,,,,,,,,,,,,,,,,14.0,234,31,178,31,128,22,6,3,27.0,511498.0,6.0,94.0,121,20,0,101,32.0,32.0,48.0,22.0,58.0,,,,,58.0,,4,58.0,,0.12,,,,
Yes,f7a9f785e547bd599dee496fd906a28bcb4ec7fe,Static Function,"getanswer_r(const querybuf *,int,const char *,int,struct hostent *,char *,size_t,int *,int *,int,int32_t *,char **)",nss_dns\dns-host.c,,,,29,323,53,,,,,,,,,,,,,,,,,,,,,,,,,,,,,,,23.0,383,29,321,30,233,53,0,2,27.0,999999999.0,9.0,177.0,239,19,0,220,63.0,59.0,89.0,48.0,192.0,,,,,192.0,,4,192.0,,0.17,,,,
Yes,f7a9f785e547bd599dee496fd906a28bcb4ec7fe,Function,hidden_def(),nss_dns\dns-host.c,,,,2,9,0,,,,,,,,,,,,,,,,,,,,,,,,,,,,,,,6.0,11,2,9,6,2,0,0,0,1.0,1.0,0.0,1.0,1,0,0,1,1.0,1.0,1.0,1.0,0.0,,,,,0.0,,0,0.0,,0.0,,,,
Yes,f7a9f785e547bd599dee496fd906a28bcb4ec7fe,Function,hidden_def(),nss_dns\dns-host.c,,,,2,9,0,,,,,,,,,,,,,,,,,,,,,,,,,,,,,,,5.0,11,2,9,6,2,0,0,0,1.0,1.0,0.0,1.0,1,0,0,1,1.0,1.0,1.0,1.0,0.0,,,,,0.0,,0,0.0,,0.0,,,,
Yes,f7a9f785e547bd599dee496fd906a28bcb4ec7fe,Function,hidden_proto(enum nss_status),nss_dns\dns-host.c,,,,12,87,10,,,,,,,,,,,,,,,,,,,,,,,,,,,,,,,12.0,109,12,87,18,63,10,0,0,12.0,266.0,2.0,45.0,62,10,0,52,17.0,12.0,19.0,9.0,13.0,,,,,12.0,,3,12.0,,0.11,,,,
Yes,f7a9f785e547bd599dee496fd906a28bcb4ec7fe,Function,hidden_proto(enum nss_status),nss_dns\dns-host.c,,,,13,148,7,,,,,,,,,,,,,,,,,,,,,,,,,,,,,,,11.0,166,13,135,31,95,5,11,4,18.0,584.0,3.0,77.0,96,19,0,77,21.0,19.0,27.0,12.0,18.0,,,,,18.0,,3,18.0,,0.04,,,,
Yes,f7a9f785e547bd599dee496fd906a28bcb4ec7fe,Struct,host_data,nss_dns\dns-host.c,0.0,0.0,0.0,0,7,1,0.0,0.0,0.0,0.0,0.0,0.0,0.0,0.0,0.0,0.0,0.0,,0.0,0.0,,,,,0.0,4.0,0.0,0.0,4.0,0.0,0.0,0.0,0.0,0.0,0.0,0.0,,7,0,7,5,0,1,0,0,,,,,4,4,0,0,,,,,,0.0,0.0,0.0,0.0,,0.0,0,,0.0,0.14,0.0,0.0,0.0,0.0
Yes,f7a9f785e547bd599dee496fd906a28bcb4ec7fe,Struct,host_data,nss_dns\dns-host.c,0.0,0.0,0.0,0,6,1,0.0,0.0,0.0,0.0,0.0,0.0,0.0,0.0,0.0,0.0,0.0,,0.0,0.0,,,,,0.0,3.0,0.0,0.0,3.0,0.0,0.0,0.0,0.0,0.0,0.0,0.0,,6,0,6,4,0,1,0,0,,,,,3,3,0,0,,,,,,0.0,0.0,0.0,0.0,,0.0,0,,0.0,0.17,0.0,0.0,0.0,0.0
Yes,f7a9f785e547bd599dee496fd906a28bcb4ec7fe,Union,querybuf,nss_dns\dns-host.c,0.0,0.0,0.0,0,5,0,0.0,0.0,0.0,0.0,0.0,0.0,0.0,0.0,0.0,0.0,0.0,,0.0,0.0,,,,,0.0,2.0,0.0,0.0,2.0,0.0,0.0,0.0,0.0,0.0,0.0,0.0,,5,0,5,3,0,0,0,0,,,,,2,2,0,0,,,,,,0.0,0.0,0.0,0.0,,0.0,0,,0.0,0.0,0.0,0.0,0.0,0.0
Yes,b59d114bd1e0571fba85b3cbcc61d4f4b42f5d1b,Function,"__res_nquerydomain(res_state,const char *,const char *,int,int,u_char *,int)",resolv\res_query.c,,,,0,12,3,,,,,,,,,,,,,,,,,,,,,,,,,,,,,,,7.0,12,0,12,7,3,3,0,0,2.0,1.0,0.0,1,1,0,0,1,1.0,1.0,1.0,1.0,0.0,,,,,0.0,,0,0.0,,0.25,,,,
Yes,b59d114bd1e0571fba85b3cbcc61d4f4b42f5d1b,Function,__res_state(),,,,,0,0,0,,,,,,,,,,,,,,,,,,,,,,,,,,,,,,,10.0,0,0,0,0,0,0,0,0,15.0,0.0,0.0,0,0,0,0,0,0.0,0.0,0.0,0.0,0.0,,,,,0.0,,0,0.0,,0.0,,,,
Yes,b59d114bd1e0571fba85b3cbcc61d4f4b42f5d1b,Function,libresolv_hidden_def(),resolv\res_query.c,,,,1,11,4,,,,,,,,,,,,,,,,,,,,,,,,,,,,,,,6.0,12,1,11,8,2,4,0,0,1.0,1.0,0.0,1,1,0,0,1,1.0,1.0,1.0,1.0,0.0,,,,,0.0,,0,0.0,,0.36,,,,
Yes,b59d114bd1e0571fba85b3cbcc61d4f4b42f5d1b,Function,libresolv_hidden_def(),resolv\res_query.c,,,,16,135,65,,,,,,,,,,,,,,,,,,,,,,,,,,,,,,,11.0,211,16,130,23,97,65,3,2,8.0,55488.0,5.0,58,85,10,0,75,27.0,25.0,54.0,14.0,19.0,,,,,18.0,,4,17.0,,0.5,,,,
Yes,b59d114bd1e0571fba85b3cbcc61d4f4b42f5d1b,Function,libresolv_hidden_def(),resolv\res_query.c,,,,1,11,4,,,,,,,,,,,,,,,,,,,,,,,,,,,,,,,6.0,12,1,11,8,2,4,0,0,1.0,1.0,0.0,1,1,0,0,1,1.0,1.0,1.0,1.0,0.0,,,,,0.0,,0,0.0,,0.36,,,,
Yes,b59d114bd1e0571fba85b3cbcc61d4f4b42f5d1b,Function,libresolv_hidden_def(),resolv\res_query.c,,,,3,43,9,,,,,,,,,,,,,,,,,,,,,,,,,,,,,,,7.0,52,3,38,17,18,9,3,2,5.0,4.0,1.0,14,17,3,0,14,4.0,4.0,4.0,4.0,5.0,,,,,5.0,,2,5.0,,0.24,,,,
Yes,b59d114bd1e0571fba85b3cbcc61d4f4b42f5d1b,Function,libresolv_hidden_def(),resolv\res_query.c,,,,2,36,0,,,,,,,,,,,,,,,,,,,,,,,,,,,,,,,3.0,38,2,36,6,24,0,0,0,9.0,39.0,2.0,25,34,3,3,28,10.0,10.0,13.0,7.0,12.0,,,,,12.0,,3,12.0,,0.0,,,,
Yes,b59d114bd1e0571fba85b3cbcc61d4f4b42f5d1b,File,res_query.c,resolv\res_query.c,4.0,41.0,14.0,46,450,179,7.0,7.0,12.0,4.0,56.0,4.0,40.0,14.0,,,,0.0,,,,,,6.0,,,,,,,,,,,,,,649,46,392,83,254,179,24,35,,,,161,234,35,4,195,,,,,,27.0,25.0,54.0,14.0,,,4,,,0.46,44.0,42.0,74.0,28.0
Yes,f2b3078e6a20211233d4971653838e06d048296a,Function,"__res_nameinquery(const char *,int,int,const u_char *,const u_char *)",resolv\res_send.c,,,,2,23,0,,,,,,,,,,,,,,,,,,,,,,,,,,,,,,,6.0,25,2,23,9,15,0,0,0,4.0,5.0,1.0,18,22,6,0,16,7.0,7.0,9.0,5.0,9.0,,,,,9.0,,2,9.0,,0.0,,,,
Yes,f2b3078e6a20211233d4971653838e06d048296a,Function,"__res_nsend(res_state,const u_char *,int,u_char *,int)",resolv\res_send.c,,,,0,7,0,,,,,,,,,,,,,,,,,,,,,,,,,,,,,,,5.0,7,0,7,3,2,0,0,0,2.0,1.0,0.0,1,1,0,0,1,1.0,1.0,1.0,1.0,0.0,,,,,0.0,,0,0.0,,0.0,,,,
Yes,f2b3078e6a20211233d4971653838e06d048296a,Function,__res_state(),,,,,0,0,0,,,,,,,,,,,,,,,,,,,,,,,,,,,,,,,1.0,0,0,0,0,0,0,0,0,4.0,0.0,0.0,0,0,0,0,0,0.0,0.0,0.0,0.0,0.0,,,,,0.0,,0,0.0,,0.0,,,,
Yes,f2b3078e6a20211233d4971653838e06d048296a,Static Function,"evAddTime(struct timespec *,const struct timespec *,const struct timespec *)",resolv\res_send.c,,,,0,10,0,,,,,,,,,,,,,,,,,,,,,,,,,,,,,,,6.0,10,0,10,3,5,0,0,0,4.0,2.0,0.0,4,5,0,0,5,2.0,2.0,2.0,1.0,0.0,,,,,0.0,,1,0.0,,0.0,,,,
Yes,f2b3078e6a20211233d4971653838e06d048296a,Static Function,"evCmpTime(struct timespec,struct timespec)",resolv\res_send.c,,,,1,7,0,,,,,,,,,,,,,,,,,,,,,,,,,,,,,,,5.0,8,1,7,3,4,0,0,0,1.0,2.0,0.0,3,4,1,0,3,4.0,4.0,4.0,1.0,0.0,,,,,0.0,,1,0.0,,0.0,,,,
Yes,f2b3078e6a20211233d4971653838e06d048296a,Static Function,"evConsTime(struct timespec *,time_t,long)",resolv\res_send.c,,,,0,5,0,,,,,,,,,,,,,,,,,,,,,,,,,,,,,,,4.0,5,0,5,2,2,0,0,0,4.0,1.0,0.0,2,2,0,0,2,1.0,1.0,1.0,1.0,0.0,,,,,0.0,,0,0.0,,0.0,,,,
Yes,f2b3078e6a20211233d4971653838e06d048296a,Static Function,evNowTime(struct timespec *),resolv\res_send.c,,,,1,8,0,,,,,,,,,,,,,,,,,,,,,,,,,,,,,,,2.0,9,1,8,3,4,0,0,0,3.0,2.0,0.0,3,4,1,0,3,2.0,2.0,2.0,1.0,1.0,,,,,0.0,,1,0.0,,0.0,,,,
Yes,f2b3078e6a20211233d4971653838e06d048296a,Static Function,"evSubTime(struct timespec *,const struct timespec *,const struct timespec *)",resolv\res_send.c,,,,0,12,0,,,,,,,,,,,,,,,,,,,,,,,,,,,,,,,6.0,12,0,12,3,7,0,0,0,4.0,2.0,0.0,4,5,0,0,5,2.0,2.0,2.0,1.0,1.0,,,,,0.0,,1,0.0,,0.0,,,,
Yes,f2b3078e6a20211233d4971653838e06d048296a,Function,libresolv_hidden_def(),resolv\res_send.c,,,,6,31,18,,,,,,,,,,,,,,,,,,,,,,,,,,,,,,,3.0,55,6,31,11,22,18,0,0,3.0,8.0,1.0,22,29,6,0,23,10.0,10.0,12.0,8.0,12.0,,,,,12.0,,2,12.0,,0.58,,,,
Yes,f2b3078e6a20211233d4971653838e06d048296a,Function,libresolv_hidden_def(),resolv\res_send.c,,,,23,219,35,,,,,,,,,,,,,,,,,,,,,,,,,,,,,,,24.0,271,18,145,20,114,27,75,10,18.0,8642.0,4.0,64,90,6,1,83,31.0,31.0,46.0,18.0,38.0,,,,,38.0,,4,36.0,,0.19,,,,
Yes,f2b3078e6a20211233d4971653838e06d048296a,Function,libresolv_hidden_def(),resolv\res_send.c,,,,3,9,6,,,,,,,,,,,,,,,,,,,,,,,,,,,,,,,6.0,18,3,9,6,4,6,0,0,1.0,2.0,0.0,2,3,0,0,3,2.0,2.0,3.0,1.0,1.0,,,,,0.0,,1,0.0,,0.67,,,,
Yes,f2b3078e6a20211233d4971653838e06d048296a,Static Function,"reopen(res_state,int *,int)",resolv\res_send.c,,,,3,30,12,,,,,,,,,,,,,,,,,,,,,,,,,,,,,,,8.0,45,3,30,6,21,12,0,0,11.0,13.0,1.0,14,20,2,0,18,7.0,7.0,8.0,4.0,5.0,,,,,4.0,,3,4.0,,0.4,,,,
Yes,f2b3078e6a20211233d4971653838e06d048296a,Function,"res_ourserver_p(const res_state,const struct sockaddr_in6 *)",resolv\res_send.c,,,,3,32,0,,,,,,,,,,,,,,,,,,,,,,,,,,,,,,,11.0,35,3,32,12,23,0,0,0,3.0,7.0,1.0,13,19,6,0,13,7.0,7.0,13.0,7.0,10.0,,,,,10.0,,3,10.0,,0.0,,,,
Yes,f2b3078e6a20211233d4971653838e06d048296a,File,res_send.c,resolv\res_send.c,5.0,65.0,12.0,108,1072,281,12.0,12.0,17.0,7.0,82.0,5.0,59.0,12.0,,,,0.0,,,,,,15.0,,,,,,,,,,,,,,1453,99,900,181,665,273,126,64,,,,443,595,105,1,489,,,,,,61.0,61.0,101.0,39.0,,,5,,,0.3,174.0,174.0,257.0,110.0
Yes,f2b3078e6a20211233d4971653838e06d048296a,Static Function,"send_dg(res_state,const u_char *,int,const u_char *,int,u_char **,int *,int *,int,int *,int *,u_char **,u_char **,int *,int *,int *)",resolv\res_send.c,,,,17,361,61,,,,,,,,,,,,,,,,,,,,,,,,,,,,,,,34.0,439,17,342,41,266,61,6,15,45.0,20353228.0,7.0,163,215,31,0,184,61.0,61.0,101.0,39.0,252.0,,,,,242.0,,5,242.0,,0.18,,,,
Yes,f2b3078e6a20211233d4971653838e06d048296a,Static Function,"send_vc(res_state,const u_char *,int,const u_char *,int,u_char **,int *,int *,int,u_char **,u_char **,int *,int *,int *)",resolv\res_send.c,,,,14,203,54,,,,,,,,,,,,,,,,,,,,,,,,,,,,,,,20.0,271,14,198,38,155,54,2,3,32.0,87432.0,5.0,117,145,26,0,119,33.0,33.0,45.0,19.0,38.0,,,,,35.0,,3,33.0,,0.27,,,,
Yes,f2b3078e6a20211233d4971653838e06d048296a,Static Function,"sock_eq(struct sockaddr_in6 *,struct sockaddr_in6 *)",resolv\res_send.c,,,,0,23,1,,,,,,,,,,,,,,,,,,,,,,,,,,,,,,,11.0,23,0,23,10,18,1,0,0,3.0,4.0,1.0,6,9,1,0,8,4.0,4.0,8.0,3.0,3.0,,,,,3.0,,2,3.0,,0.04,,,,
No,b66d837bb5398795c6b0f651bd5a5d66091d8577,Static Function,__attribute__(),resolv\res_send.c,,,,0,9,0,,,,,,,,,,,,,,,,,,,,,,,,,,,,,,,2.0,9,0,9,4,4,0,0,0,2.0,2.0,0.0,3,4,0,0,4,2.0,2.0,2.0,1.0,0.0,,,,,0.0,,1,0.0,,0.0,,,,
No,b66d837bb5398795c6b0f651bd5a5d66091d8577,Function,"__res_nameinquery(const char *,int,int,const u_char *,const u_char *)",resolv\res_send.c,,,,2,23,0,,,,,,,,,,,,,,,,,,,,,,,,,,,,,,,6.0,25,2,23,9,15,0,0,0,4.0,5.0,1.0,18,22,6,0,16,7.0,7.0,9.0,5.0,9.0,,,,,9.0,,2,9.0,,0.0,,,,
No,b66d837bb5398795c6b0f651bd5a5d66091d8577,Function,"__res_nsend(res_state,const u_char *,int,u_char *,int)",resolv\res_send.c,,,,0,7,0,,,,,,,,,,,,,,,,,,,,,,,,,,,,,,,5.0,7,0,7,3,2,0,0,0,2.0,1.0,0.0,1,1,0,0,1,1.0,1.0,1.0,1.0,0.0,,,,,0.0,,0,0.0,,0.0,,,,
No,b66d837bb5398795c6b0f651bd5a5d66091d8577,Function,__res_state(),,,,,0,0,0,,,,,,,,,,,,,,,,,,,,,,,,,,,,,,,1.0,0,0,0,0,0,0,0,0,4.0,0.0,0.0,0,0,0,0,0,0.0,0.0,0.0,0.0,0.0,,,,,0.0,,0,0.0,,0.0,,,,
No,b66d837bb5398795c6b0f651bd5a5d66091d8577,Static Function,"evAddTime(struct timespec *,const struct timespec *,const struct timespec *)",resolv\res_send.c,,,,0,10,0,,,,,,,,,,,,,,,,,,,,,,,,,,,,,,,6.0,10,0,10,3,5,0,0,0,4.0,2.0,0.0,4,5,0,0,5,2.0,2.0,2.0,1.0,0.0,,,,,0.0,,1,0.0,,0.0,,,,
No,b66d837bb5398795c6b0f651bd5a5d66091d8577,Static Function,"evCmpTime(struct timespec,struct timespec)",resolv\res_send.c,,,,1,7,0,,,,,,,,,,,,,,,,,,,,,,,,,,,,,,,5.0,8,1,7,3,4,0,0,0,1.0,2.0,0.0,3,4,1,0,3,4.0,4.0,4.0,1.0,0.0,,,,,0.0,,1,0.0,,0.0,,,,
No,b66d837bb5398795c6b0f651bd5a5d66091d8577,Static Function,"evConsTime(struct timespec *,time_t,long)",resolv\res_send.c,,,,0,5,0,,,,,,,,,,,,,,,,,,,,,,,,,,,,,,,4.0,5,0,5,2,2,0,0,0,4.0,1.0,0.0,2,2,0,0,2,1.0,1.0,1.0,1.0,0.0,,,,,0.0,,0,0.0,,0.0,,,,
No,b66d837bb5398795c6b0f651bd5a5d66091d8577,Static Function,evNowTime(struct timespec *),resolv\res_send.c,,,,1,8,0,,,,,,,,,,,,,,,,,,,,,,,,,,,,,,,2.0,9,1,8,3,4,0,0,0,3.0,2.0,0.0,3,4,1,0,3,2.0,2.0,2.0,1.0,1.0,,,,,0.0,,1,0.0,,0.0,,,,
No,b66d837bb5398795c6b0f651bd5a5d66091d8577,Static Function,"evSubTime(struct timespec *,const struct timespec *,const struct timespec *)",resolv\res_send.c,,,,0,12,0,,,,,,,,,,,,,,,,,,,,,,,,,,,,,,,6.0,12,0,12,3,7,0,0,0,4.0,2.0,0.0,4,5,0,0,5,2.0,2.0,2.0,1.0,1.0,,,,,0.0,,1,0.0,,0.0,,,,
No,b66d837bb5398795c6b0f651bd5a5d66091d8577,Function,libresolv_hidden_def(),resolv\res_send.c,,,,6,31,18,,,,,,,,,,,,,,,,,,,,,,,,,,,,,,,3.0,55,6,31,11,22,18,0,0,3.0,8.0,1.0,22,29,6,0,23,10.0,10.0,12.0,8.0,12.0,,,,,12.0,,2,12.0,,0.58,,,,
No,b66d837bb5398795c6b0f651bd5a5d66091d8577,Function,libresolv_hidden_def(),resolv\res_send.c,,,,23,219,37,,,,,,,,,,,,,,,,,,,,,,,,,,,,,,,24.0,273,18,145,20,114,27,77,10,18.0,8642.0,4.0,64,90,6,1,83,31.0,31.0,46.0,18.0,38.0,,,,,38.0,,4,36.0,,0.19,,,,
No,b66d837bb5398795c6b0f651bd5a5d66091d8577,Function,libresolv_hidden_def(),resolv\res_send.c,,,,3,9,6,,,,,,,,,,,,,,,,,,,,,,,,,,,,,,,6.0,18,3,9,6,4,6,0,0,1.0,2.0,0.0,2,3,0,0,3,2.0,2.0,3.0,1.0,1.0,,,,,0.0,,1,0.0,,0.67,,,,
No,b66d837bb5398795c6b0f651bd5a5d66091d8577,Static Function,"reopen(res_state,int *,int)",resolv\res_send.c,,,,3,30,12,,,,,,,,,,,,,,,,,,,,,,,,,,,,,,,8.0,45,3,30,6,21,12,0,0,11.0,13.0,1.0,14,20,2,0,18,7.0,7.0,8.0,4.0,5.0,,,,,4.0,,3,4.0,,0.4,,,,
No,b66d837bb5398795c6b0f651bd5a5d66091d8577,Function,"res_ourserver_p(const res_state,const struct sockaddr_in6 *)",resolv\res_send.c,,,,3,32,0,,,,,,,,,,,,,,,,,,,,,,,,,,,,,,,11.0,35,3,32,12,23,0,0,0,3.0,7.0,1.0,13,19,6,0,13,7.0,7.0,13.0,7.0,10.0,,,,,10.0,,3,10.0,,0.0,,,,
No,b66d837bb5398795c6b0f651bd5a5d66091d8577,File,res_send.c,resolv\res_send.c,5.0,60.0,13.0,109,1056,447,11.0,11.0,16.0,6.0,77.0,4.0,55.0,12.0,,,,0.0,,,,,,16.0,,,,,,,,,,,,,,1604,100,894,175,655,436,125,58,,,,432,588,100,1,487,,,,,,64.0,64.0,105.0,39.0,,,6,,,0.49,178.0,178.0,263.0,111.0
No,b66d837bb5398795c6b0f651bd5a5d66091d8577,Static Function,"send_dg(res_state,const u_char *,int,const u_char *,int,u_char **,int *,int *,int,int *,int *,u_char **,u_char **,int *,int *,int *)",resolv\res_send.c,,,,17,356,72,,,,,,,,,,,,,,,,,,,,,,,,,,,,,,,34.0,445,17,342,36,265,71,5,12,42.0,1437964.0,6.0,159,214,28,0,186,64.0,64.0,105.0,39.0,194.0,,,,,185.0,,6,185.0,,0.21,,,,
No,b66d837bb5398795c6b0f651bd5a5d66091d8577,Static Function,"send_vc(res_state,const u_char *,int,const u_char *,int,u_char **,int *,int *,int,u_char **,u_char **,int *,int *,int *)",resolv\res_send.c,,,,13,183,58,,,,,,,,,,,,,,,,,,,,,,,,,,,,,,,20.0,254,13,183,33,142,58,0,0,28.0,58380.0,5.0,107,134,23,0,111,32.0,32.0,45.0,19.0,37.0,,,,,35.0,,3,33.0,,0.32,,,,
No,b66d837bb5398795c6b0f651bd5a5d66091d8577,Static Function,"sock_eq(struct sockaddr_in6 *,struct sockaddr_in6 *)",resolv\res_send.c,,,,0,23,1,,,,,,,,,,,,,,,,,,,,,,,,,,,,,,,11.0,23,0,23,10,18,1,0,0,3.0,4.0,1.0,6,9,1,0,8,4.0,4.0,8.0,3.0,3.0,,,,,3.0,,2,3.0,,0.04,,,,
Yes,e9db92d3acfe1822d56d11abcea5bfc4c41cf6ca,Function,"__res_nameinquery(const char *,int,int,const u_char *,const u_char *)",resolv\res_send.c,,,,2,23,0,,,,,,,,,,,,,,,,,,,,,,,,,,,,,,,6.0,25,2,23,9,15,0,0,0,4.0,5.0,1.0,18,22,6,0,16,7.0,7.0,9.0,5.0,9.0,,,,,9.0,,2,9.0,,0.0,,,,
Yes,e9db92d3acfe1822d56d11abcea5bfc4c41cf6ca,Function,"__res_nsend(res_state,const u_char *,int,u_char *,int)",resolv\res_send.c,,,,0,7,0,,,,,,,,,,,,,,,,,,,,,,,,,,,,,,,5.0,7,0,7,3,2,0,0,0,2.0,1.0,0.0,1,1,0,0,1,1.0,1.0,1.0,1.0,0.0,,,,,0.0,,0,0.0,,0.0,,,,
Yes,e9db92d3acfe1822d56d11abcea5bfc4c41cf6ca,Function,__res_state(),,,,,0,0,0,,,,,,,,,,,,,,,,,,,,,,,,,,,,,,,1.0,0,0,0,0,0,0,0,0,4.0,0.0,0.0,0,0,0,0,0,0.0,0.0,0.0,0.0,0.0,,,,,0.0,,0,0.0,,0.0,,,,
Yes,e9db92d3acfe1822d56d11abcea5bfc4c41cf6ca,Static Function,"evAddTime(struct timespec *,const struct timespec *,const struct timespec *)",resolv\res_send.c,,,,0,10,0,,,,,,,,,,,,,,,,,,,,,,,,,,,,,,,6.0,10,0,10,3,5,0,0,0,4.0,2.0,0.0,4,5,0,0,5,2.0,2.0,2.0,1.0,0.0,,,,,0.0,,1,0.0,,0.0,,,,
Yes,e9db92d3acfe1822d56d11abcea5bfc4c41cf6ca,Static Function,"evCmpTime(struct timespec,struct timespec)",resolv\res_send.c,,,,1,7,0,,,,,,,,,,,,,,,,,,,,,,,,,,,,,,,5.0,8,1,7,3,4,0,0,0,1.0,2.0,0.0,3,4,1,0,3,4.0,4.0,4.0,1.0,0.0,,,,,0.0,,1,0.0,,0.0,,,,
Yes,e9db92d3acfe1822d56d11abcea5bfc4c41cf6ca,Static Function,"evConsTime(struct timespec *,time_t,long)",resolv\res_send.c,,,,0,5,0,,,,,,,,,,,,,,,,,,,,,,,,,,,,,,,4.0,5,0,5,2,2,0,0,0,4.0,1.0,0.0,2,2,0,0,2,1.0,1.0,1.0,1.0,0.0,,,,,0.0,,0,0.0,,0.0,,,,
Yes,e9db92d3acfe1822d56d11abcea5bfc4c41cf6ca,Static Function,evNowTime(struct timespec *),resolv\res_send.c,,,,1,8,0,,,,,,,,,,,,,,,,,,,,,,,,,,,,,,,2.0,9,1,8,3,4,0,0,0,3.0,2.0,0.0,3,4,1,0,3,2.0,2.0,2.0,1.0,1.0,,,,,0.0,,1,0.0,,0.0,,,,
Yes,e9db92d3acfe1822d56d11abcea5bfc4c41cf6ca,Static Function,"evSubTime(struct timespec *,const struct timespec *,const struct timespec *)",resolv\res_send.c,,,,0,12,0,,,,,,,,,,,,,,,,,,,,,,,,,,,,,,,6.0,12,0,12,3,7,0,0,0,4.0,2.0,0.0,4,5,0,0,5,2.0,2.0,2.0,1.0,1.0,,,,,0.0,,1,0.0,,0.0,,,,
Yes,e9db92d3acfe1822d56d11abcea5bfc4c41cf6ca,Function,libresolv_hidden_def(),resolv\res_send.c,,,,6,31,18,,,,,,,,,,,,,,,,,,,,,,,,,,,,,,,3.0,55,6,31,11,22,18,0,0,3.0,8.0,1.0,22,29,6,0,23,10.0,10.0,12.0,8.0,12.0,,,,,12.0,,2,12.0,,0.58,,,,
Yes,e9db92d3acfe1822d56d11abcea5bfc4c41cf6ca,Function,libresolv_hidden_def(),resolv\res_send.c,,,,23,219,37,,,,,,,,,,,,,,,,,,,,,,,,,,,,,,,24.0,273,18,145,20,114,27,77,10,18.0,8642.0,4.0,64,90,6,1,83,31.0,31.0,46.0,18.0,38.0,,,,,38.0,,4,36.0,,0.19,,,,
Yes,e9db92d3acfe1822d56d11abcea5bfc4c41cf6ca,Function,libresolv_hidden_def(),resolv\res_send.c,,,,3,9,6,,,,,,,,,,,,,,,,,,,,,,,,,,,,,,,6.0,18,3,9,6,4,6,0,0,1.0,2.0,0.0,2,3,0,0,3,2.0,2.0,3.0,1.0,1.0,,,,,0.0,,1,0.0,,0.67,,,,
Yes,e9db92d3acfe1822d56d11abcea5bfc4c41cf6ca,Static Function,"reopen(res_state,int *,int)",resolv\res_send.c,,,,3,30,12,,,,,,,,,,,,,,,,,,,,,,,,,,,,,,,8.0,45,3,30,6,21,12,0,0,11.0,13.0,1.0,14,20,2,0,18,7.0,7.0,8.0,4.0,5.0,,,,,4.0,,3,4.0,,0.4,,,,
Yes,e9db92d3acfe1822d56d11abcea5bfc4c41cf6ca,Function,"res_ourserver_p(const res_state,const struct sockaddr_in6 *)",resolv\res_send.c,,,,3,32,0,,,,,,,,,,,,,,,,,,,,,,,,,,,,,,,11.0,35,3,32,12,23,0,0,0,3.0,7.0,1.0,13,19,6,0,13,7.0,7.0,13.0,7.0,10.0,,,,,10.0,,3,10.0,,0.0,,,,
Yes,e9db92d3acfe1822d56d11abcea5bfc4c41cf6ca,File,res_send.c,resolv\res_send.c,5.0,63.0,14.0,108,1040,447,12.0,12.0,17.0,7.0,81.0,4.0,57.0,13.0,,,,0.0,,,,,,15.0,,,,,,,,,,,,,,1587,99,878,171,646,436,125,58,,,,427,578,99,1,478,,,,,,61.0,61.0,102.0,39.0,,,5,,,0.5,173.0,173.0,258.0,110.0
Yes,e9db92d3acfe1822d56d11abcea5bfc4c41cf6ca,Static Function,"send_dg(res_state,const u_char *,int,const u_char *,int,u_char **,int *,int *,int,int *,int *,u_char **,u_char **,int *,int *,int *)",resolv\res_send.c,,,,17,349,74,,,,,,,,,,,,,,,,,,,,,,,,,,,,,,,34.0,440,17,335,36,260,73,5,12,41.0,27136204.0,7.0,157,209,28,0,181,61.0,61.0,102.0,39.0,251.0,,,,,242.0,,5,242.0,,0.22,,,,
Yes,e9db92d3acfe1822d56d11abcea5bfc4c41cf6ca,Static Function,"send_vc(res_state,const u_char *,int,const u_char *,int,u_char **,int *,int *,int,u_char **,u_char **,int *,int *,int *)",resolv\res_send.c,,,,13,183,58,,,,,,,,,,,,,,,,,,,,,,,,,,,,,,,20.0,254,13,183,33,142,58,0,0,28.0,58380.0,5.0,107,134,23,0,111,32.0,32.0,45.0,19.0,37.0,,,,,35.0,,3,33.0,,0.32,,,,
Yes,e9db92d3acfe1822d56d11abcea5bfc4c41cf6ca,Static Function,"sock_eq(struct sockaddr_in6 *,struct sockaddr_in6 *)",resolv\res_send.c,,,,0,23,1,,,,,,,,,,,,,,,,,,,,,,,,,,,,,,,11.0,23,0,23,10,18,1,0,0,3.0,4.0,1.0,6,9,1,0,8,4.0,4.0,8.0,3.0,3.0,,,,,3.0,,2,3.0,,0.04,,,,
No,317b199b4aff8cfa27f2302ab404d2bb5032b9a4,Function,"__ns_name_ntop(,,)",nss_dns\dns-network.c,,,,8,41,3,,,,,,,,,,,,,,,,,,,,,,,,,,,,,,,9.0,52,8,41,20,18,3,0,0,7.0,5.0,1.0,15.0,19,6,0,13,6.0,6.0,8.0,3.0,2.0,,,,,2.0,,2,2.0,,0.07,,,,
No,317b199b4aff8cfa27f2302ab404d2bb5032b9a4,Function,"_nss_dns_getnetbyaddr_r(uint32_t,int,struct netent *,char *,size_t,int *,int *)",nss_dns\dns-network.c,,,,9,68,9,,,,,,,,,,,,,,,,,,,,,,,,,,,,,,,10.0,85,9,68,18,45,9,0,0,11.0,82.0,2.0,36.0,49,12,0,37,14.0,11.0,17.0,4.0,9.0,,,,,3.0,,2,3.0,,0.13,,,,
No,317b199b4aff8cfa27f2302ab404d2bb5032b9a4,File,dns-network.c,nss_dns\dns-network.c,13.0,93.0,18.0,56,306,113,17.0,16.0,24.0,10.0,121.0,13.0,93.0,18.0,,,,0.0,,,,,,3.0,,,,,,,,,,,,,,466,56,288,79,175,113,1,18,,,,146.0,192,48,0,144,,,,,,32.0,31.0,46.0,25.0,,,7,,,0.39,52.0,48.0,71.0,32.0
No,317b199b4aff8cfa27f2302ab404d2bb5032b9a4,Static Function,"getanswer_r(const querybuf *,int,struct netent *,char *,size_t,int *,int *,lookup_method)",nss_dns\dns-network.c,,,,22,169,43,,,,,,,,,,,,,,,,,,,,,,,,,,,,,,,16.0,227,22,169,31,112,43,0,0,24.0,30071.0,4.0,88.0,117,23,0,94,32.0,31.0,46.0,25.0,56.0,,,,,56.0,,7,55.0,,0.25,,,,
No,317b199b4aff8cfa27f2302ab404d2bb5032b9a4,Struct,net_data,nss_dns\dns-network.c,0.0,0.0,0.0,0,5,0,0.0,0.0,0.0,0.0,0.0,0.0,0.0,0.0,0.0,0.0,0.0,,0.0,0.0,,,,,0.0,2.0,0.0,0.0,2.0,0.0,0.0,0.0,0.0,0.0,0.0,0.0,,5,0,5,3,0,0,0,0,,,,,2,2,0,0,,,,,,0.0,0.0,0.0,0.0,,0.0,0,,0.0,0.0,0.0,0.0,0.0,0.0
No,317b199b4aff8cfa27f2302ab404d2bb5032b9a4,Union,querybuf,nss_dns\dns-network.c,0.0,0.0,0.0,0,5,0,0.0,0.0,0.0,0.0,0.0,0.0,0.0,0.0,0.0,0.0,0.0,,0.0,0.0,,,,,0.0,2.0,0.0,0.0,2.0,0.0,0.0,0.0,0.0,0.0,0.0,0.0,,5,0,5,3,0,0,0,0,,,,,2,2,0,0,,,,,,0.0,0.0,0.0,0.0,,0.0,0,,0.0,0.0,0.0,0.0,0.0,0.0
Yes,f7a9f785e547bd599dee496fd906a28bcb4ec7fe,Function,"__ns_name_ntop(,,)",nss_dns\dns-network.c,,,,9,43,3,,,,,,,,,,,,,,,,,,,,,,,,,,,,,,,9.0,55,9,43,21,19,3,0,0,8.0,5.0,1.0,17.0,21,7,0,14,6.0,6.0,8.0,3.0,2.0,,,,,2.0,,2,2.0,,0.07,,,,
Yes,f7a9f785e547bd599dee496fd906a28bcb4ec7fe,Function,"_nss_dns_getnetbyaddr_r(uint32_t,int,struct netent *,char *,size_t,int *,int *)",nss_dns\dns-network.c,,,,9,68,9,,,,,,,,,,,,,,,,,,,,,,,,,,,,,,,10.0,85,9,68,18,45,9,0,0,11.0,82.0,2.0,36.0,49,12,0,37,14.0,11.0,17.0,4.0,9.0,,,,,3.0,,2,3.0,,0.13,,,,
Yes,f7a9f785e547bd599dee496fd906a28bcb4ec7fe,File,dns-network.c,nss_dns\dns-network.c,13.0,93.0,18.0,57,308,113,17.0,16.0,24.0,10.0,122.0,13.0,93.0,18.0,,,,0.0,,,,,,3.0,,,,,,,,,,,,,,469,57,290,80,176,113,1,18,,,,148.0,194,49,0,145,,,,,,32.0,31.0,46.0,25.0,,,7,,,0.39,52.0,48.0,71.0,32.0
Yes,f7a9f785e547bd599dee496fd906a28bcb4ec7fe,Static Function,"getanswer_r(const querybuf *,int,struct netent *,char *,size_t,int *,int *,lookup_method)",nss_dns\dns-network.c,,,,22,169,43,,,,,,,,,,,,,,,,,,,,,,,,,,,,,,,16.0,227,22,169,31,112,43,0,0,24.0,30071.0,4.0,88.0,117,23,0,94,32.0,31.0,46.0,25.0,56.0,,,,,56.0,,7,55.0,,0.25,,,,
Yes,f7a9f785e547bd599dee496fd906a28bcb4ec7fe,Struct,net_data,nss_dns\dns-network.c,0.0,0.0,0.0,0,5,0,0.0,0.0,0.0,0.0,0.0,0.0,0.0,0.0,0.0,0.0,0.0,,0.0,0.0,,,,,0.0,2.0,0.0,0.0,2.0,0.0,0.0,0.0,0.0,0.0,0.0,0.0,,5,0,5,3,0,0,0,0,,,,,2,2,0,0,,,,,,0.0,0.0,0.0,0.0,,0.0,0,,0.0,0.0,0.0,0.0,0.0,0.0
Yes,f7a9f785e547bd599dee496fd906a28bcb4ec7fe,Union,querybuf,nss_dns\dns-network.c,0.0,0.0,0.0,0,5,0,0.0,0.0,0.0,0.0,0.0,0.0,0.0,0.0,0.0,0.0,0.0,,0.0,0.0,,,,,0.0,2.0,0.0,0.0,2.0,0.0,0.0,0.0,0.0,0.0,0.0,0.0,,5,0,5,3,0,0,0,0,,,,,2,2,0,0,,,,,,0.0,0.0,0.0,0.0,,0.0,0,,0.0,0.0,0.0,0.0,0.0,0.0
No,d42eed4a044e5e10dfb885cf9891c2518a72a491,Function,__rpc_thread_svc_fdset(),,,,,0,0,0,,,,,,,,,,,,,,,,,,,,,,,,,,,,,,,8.0,0,0,0,0,0,0,0,0,41.0,0.0,0.0,0.0,0,0,0,0,0.0,0.0,0.0,0.0,0.0,,,,,0.0,,0,0.0,,0.0,,,,
No,d42eed4a044e5e10dfb885cf9891c2518a72a491,File,clnt_udp.c,sunrpc\clnt_udp.c,3.0,38.0,6.0,40,484,112,6.0,4.0,7.0,4.0,46.0,2.0,32.0,6.0,,,,0.0,,,,,,9.0,,,,,,,,,,,,,,628,38,401,95,247,112,55,32,,,,203.0,258,52,3,203,,,,,,24.0,23.0,32.0,19.0,,,4,,,0.28,56.0,38.0,66.0,44.0
No,d42eed4a044e5e10dfb885cf9891c2518a72a491,Static Function,clntudp_abort(),sunrpc\clnt_udp.c,,,,0,4,0,,,,,,,,,,,,,,,,,,,,,,,,,,,,,,,0.0,4,0,4,2,0,0,0,0,0.0,1.0,0.0,0.0,0,0,0,0,1.0,1.0,1.0,1.0,0.0,,,,,0.0,,0,0.0,,0.0,,,,
No,d42eed4a044e5e10dfb885cf9891c2518a72a491,Static Function,"clntudp_call(CLIENT *,u_long,xdrproc_t,caddr_t,xdrproc_t,caddr_t,struct timeval)",sunrpc\clnt_udp.c,,,,11,199,37,,,,,,,,,,,,,,,,,,,,,,,,,,,,,,,27.0,239,9,152,28,93,37,47,2,31.0,204.0,2.0,68.0,91,15,3,73,24.0,23.0,32.0,19.0,60.0,,,,,60.0,,4,59.0,,0.24,,,,
No,d42eed4a044e5e10dfb885cf9891c2518a72a491,Static Function,"clntudp_control(CLIENT *,int,char *)",sunrpc\clnt_udp.c,,,,1,71,20,,,,,,,,,,,,,,,,,,,,,,,,,,,,,,,9.0,92,1,71,10,63,20,0,0,8.0,15.0,1.0,45.0,64,3,0,61,19.0,2.0,19.0,15.0,119.0,,,,,119.0,,1,119.0,,0.28,,,,
No,d42eed4a044e5e10dfb885cf9891c2518a72a491,Static Function,clntudp_destroy(CLIENT *),sunrpc\clnt_udp.c,,,,1,12,0,,,,,,,,,,,,,,,,,,,,,,,,,,,,,,,9.0,13,1,12,3,6,0,0,0,3.0,4.0,1.0,6.0,8,1,0,7,4.0,4.0,4.0,1.0,0.0,,,,,0.0,,2,0.0,,0.0,,,,
No,d42eed4a044e5e10dfb885cf9891c2518a72a491,Static Function,"clntudp_freeres(CLIENT *,xdrproc_t,caddr_t)",sunrpc\clnt_udp.c,,,,1,8,0,,,,,,,,,,,,,,,,,,,,,,,,,,,,,,,5.0,9,1,8,4,4,0,0,0,2.0,1.0,0.0,4.0,4,2,0,2,1.0,1.0,1.0,1.0,0.0,,,,,0.0,,0,0.0,,0.0,,,,
No,d42eed4a044e5e10dfb885cf9891c2518a72a491,Static Function,"clntudp_geterr(CLIENT *,struct rpc_err *)",sunrpc\clnt_udp.c,,,,1,6,0,,,,,,,,,,,,,,,,,,,,,,,,,,,,,,,3.0,7,1,6,3,2,0,0,0,1.0,1.0,0.0,2.0,2,1,0,1,1.0,1.0,1.0,1.0,0.0,,,,,0.0,,0,0.0,,0.0,,,,
No,d42eed4a044e5e10dfb885cf9891c2518a72a491,Struct,cu_data,sunrpc\clnt_udp.c,0.0,0.0,0.0,0,16,0,0.0,0.0,0.0,0.0,0.0,0.0,0.0,0.0,0.0,4.0,0.0,,0.0,0.0,,,,,0.0,13.0,0.0,0.0,13.0,0.0,0.0,0.0,0.0,0.0,0.0,0.0,,16,0,16,14,0,0,0,0,,,,,13,13,0,0,,,,,,0.0,0.0,0.0,0.0,,0.0,0,,0.0,0.0,0.0,0.0,0.0,0.0
No,d42eed4a044e5e10dfb885cf9891c2518a72a491,Function,"libc_hidden_nolink_sunrpc(,)",sunrpc\clnt_udp.c,,,,1,10,0,,,,,,,,,,,,,,,,,,,,,,,,,,,,,,,0.0,11,1,9,6,2,0,0,1,1.0,1.0,0.0,1.0,1,0,0,1,1.0,1.0,1.0,1.0,0.0,,,,,0.0,,0,0.0,,0.0,,,,
No,d42eed4a044e5e10dfb885cf9891c2518a72a491,Function,"libc_hidden_nolink_sunrpc(,)",sunrpc\clnt_udp.c,,,,1,8,0,,,,,,,,,,,,,,,,,,,,,,,,,,,,,,,0.0,9,1,8,5,2,0,0,0,2.0,1.0,0.0,1.0,1,0,0,1,1.0,1.0,1.0,1.0,0.0,,,,,0.0,,0,0.0,,0.0,,,,
No,d42eed4a044e5e10dfb885cf9891c2518a72a491,Function,"libc_hidden_nolink_sunrpc(,)",sunrpc\clnt_udp.c,,,,6,20,0,,,,,,,,,,,,,,,,,,,,,,,,,,,,,,,4.0,26,6,19,6,11,0,0,1,3.0,4.0,1.0,7.0,10,2,0,8,4.0,4.0,6.0,4.0,3.0,,,,,3.0,,2,3.0,,0.0,,,,
No,d42eed4a044e5e10dfb885cf9891c2518a72a491,Function,svc_getreq_poll(),,,,,0,0,0,,,,,,,,,,,,,,,,,,,,,,,,,,,,,,,5.0,0,0,0,0,0,0,0,0,11.0,0.0,0.0,0.0,0,0,0,0,0.0,0.0,0.0,0.0,0.0,,,,,0.0,,0,0.0,,0.0,,,,
No,d42eed4a044e5e10dfb885cf9891c2518a72a491,File,tst-udp-error.c,sunrpc\tst-udp-error.c,0.0,0.0,0.0,6,37,19,0.0,0.0,0.0,0.0,0.0,0.0,0.0,0.0,,,,0.0,,,,,,0.0,,,,,,,,,,,,,,62,6,29,13,23,19,0,8,,,,14.0,14,5,0,9,,,,,,0.0,0.0,0.0,0.0,,,0,,,0.66,0.0,0.0,0.0,0.0
Yes,bc779a1a5b3035133024b21e2f339fe4219fb11c,Function,__rpc_thread_svc_fdset(),,,,,0,0,0,,,,,,,,,,,,,,,,,,,,,,,,,,,,,,,8.0,0,0,0,0,0,0,0,0,41.0,0.0,0.0,0.0,0,0,0,0,0.0,0.0,0.0,0.0,0.0,,,,,0.0,,0,0.0,,0.0,,,,
Yes,bc779a1a5b3035133024b21e2f339fe4219fb11c,File,clnt_udp.c,sunrpc\clnt_udp.c,3.0,38.0,6.0,40,484,112,6.0,4.0,7.0,4.0,46.0,2.0,32.0,6.0,,,,0.0,,,,,,9.0,,,,,,,,,,,,,,628,38,401,95,247,112,55,32,,,,203.0,258,52,3,203,,,,,,24.0,23.0,32.0,19.0,,,4,,,0.28,56.0,38.0,66.0,44.0
Yes,bc779a1a5b3035133024b21e2f339fe4219fb11c,Static Function,clntudp_abort(),sunrpc\clnt_udp.c,,,,0,4,0,,,,,,,,,,,,,,,,,,,,,,,,,,,,,,,0.0,4,0,4,2,0,0,0,0,0.0,1.0,0.0,0.0,0,0,0,0,1.0,1.0,1.0,1.0,0.0,,,,,0.0,,0,0.0,,0.0,,,,
Yes,bc779a1a5b3035133024b21e2f339fe4219fb11c,Static Function,"clntudp_call(CLIENT *,u_long,xdrproc_t,caddr_t,xdrproc_t,caddr_t,struct timeval)",sunrpc\clnt_udp.c,,,,11,199,37,,,,,,,,,,,,,,,,,,,,,,,,,,,,,,,27.0,239,9,152,28,93,37,47,2,31.0,204.0,2.0,68.0,91,15,3,73,24.0,23.0,32.0,19.0,60.0,,,,,60.0,,4,59.0,,0.24,,,,
Yes,bc779a1a5b3035133024b21e2f339fe4219fb11c,Static Function,"clntudp_control(CLIENT *,int,char *)",sunrpc\clnt_udp.c,,,,1,71,20,,,,,,,,,,,,,,,,,,,,,,,,,,,,,,,9.0,92,1,71,10,63,20,0,0,8.0,15.0,1.0,45.0,64,3,0,61,19.0,2.0,19.0,15.0,119.0,,,,,119.0,,1,119.0,,0.28,,,,
Yes,bc779a1a5b3035133024b21e2f339fe4219fb11c,Static Function,clntudp_destroy(CLIENT *),sunrpc\clnt_udp.c,,,,1,12,0,,,,,,,,,,,,,,,,,,,,,,,,,,,,,,,9.0,13,1,12,3,6,0,0,0,3.0,4.0,1.0,6.0,8,1,0,7,4.0,4.0,4.0,1.0,0.0,,,,,0.0,,2,0.0,,0.0,,,,
Yes,bc779a1a5b3035133024b21e2f339fe4219fb11c,Static Function,"clntudp_freeres(CLIENT *,xdrproc_t,caddr_t)",sunrpc\clnt_udp.c,,,,1,8,0,,,,,,,,,,,,,,,,,,,,,,,,,,,,,,,5.0,9,1,8,4,4,0,0,0,2.0,1.0,0.0,4.0,4,2,0,2,1.0,1.0,1.0,1.0,0.0,,,,,0.0,,0,0.0,,0.0,,,,
Yes,bc779a1a5b3035133024b21e2f339fe4219fb11c,Static Function,"clntudp_geterr(CLIENT *,struct rpc_err *)",sunrpc\clnt_udp.c,,,,1,6,0,,,,,,,,,,,,,,,,,,,,,,,,,,,,,,,3.0,7,1,6,3,2,0,0,0,1.0,1.0,0.0,2.0,2,1,0,1,1.0,1.0,1.0,1.0,0.0,,,,,0.0,,0,0.0,,0.0,,,,
Yes,bc779a1a5b3035133024b21e2f339fe4219fb11c,Struct,cu_data,sunrpc\clnt_udp.c,0.0,0.0,0.0,0,16,0,0.0,0.0,0.0,0.0,0.0,0.0,0.0,0.0,0.0,4.0,0.0,,0.0,0.0,,,,,0.0,13.0,0.0,0.0,13.0,0.0,0.0,0.0,0.0,0.0,0.0,0.0,,16,0,16,14,0,0,0,0,,,,,13,13,0,0,,,,,,0.0,0.0,0.0,0.0,,0.0,0,,0.0,0.0,0.0,0.0,0.0,0.0
Yes,bc779a1a5b3035133024b21e2f339fe4219fb11c,Function,"libc_hidden_nolink_sunrpc(,)",sunrpc\clnt_udp.c,,,,1,10,0,,,,,,,,,,,,,,,,,,,,,,,,,,,,,,,0.0,11,1,9,6,2,0,0,1,1.0,1.0,0.0,1.0,1,0,0,1,1.0,1.0,1.0,1.0,0.0,,,,,0.0,,0,0.0,,0.0,,,,
Yes,bc779a1a5b3035133024b21e2f339fe4219fb11c,Function,"libc_hidden_nolink_sunrpc(,)",sunrpc\clnt_udp.c,,,,1,8,0,,,,,,,,,,,,,,,,,,,,,,,,,,,,,,,0.0,9,1,8,5,2,0,0,0,2.0,1.0,0.0,1.0,1,0,0,1,1.0,1.0,1.0,1.0,0.0,,,,,0.0,,0,0.0,,0.0,,,,
Yes,bc779a1a5b3035133024b21e2f339fe4219fb11c,Function,"libc_hidden_nolink_sunrpc(,)",sunrpc\clnt_udp.c,,,,6,20,0,,,,,,,,,,,,,,,,,,,,,,,,,,,,,,,4.0,26,6,19,6,11,0,0,1,3.0,4.0,1.0,7.0,10,2,0,8,4.0,4.0,6.0,4.0,3.0,,,,,3.0,,2,3.0,,0.0,,,,
No,ac8060265bcaca61568ef3a20b9a0140a270af54,Function,__h_errno_location(),,,,,0,0,0,,,,,,,,,,,,,,,,,,,,,,,,,,,,,,,4.0,0,0,0,0,0,0,0,0,7.0,0.0,0.0,0,0,0,0,0,0.0,0.0,0.0,0.0,0.0,,,,,0.0,,0,0.0,,0.0,,,,
No,ac8060265bcaca61568ef3a20b9a0140a270af54,Static Function,check_long_name(),resolv\tst-resolv-network.c,,,,4,16,0,,,,,,,,,,,,,,,,,,,,,,,,,,,,,,,3.0,20,4,16,5,10,0,0,0,8.0,2.0,0.0,12,13,3,0,10,2.0,2.0,2.0,1.0,0.0,,,,,0.0,,1,0.0,,0.0,,,,
No,ac8060265bcaca61568ef3a20b9a0140a270af54,Static Function,"check_reverse(int,const char *)",resolv\tst-resolv-network.c,,,,0,7,0,,,,,,,,,,,,,,,,,,,,,,,,,,,,,,,3.0,7,0,7,3,3,0,0,0,4.0,1.0,0.0,3,3,1,0,2,1.0,1.0,1.0,1.0,0.0,,,,,0.0,,0,0.0,,0.0,,,,
No,ac8060265bcaca61568ef3a20b9a0140a270af54,Static Function,do_test(),resolv\tst-resolv-network.c,,,,7,76,5,,,,,,,,,,,,,,,,,,,,,,,,,,,,,,,0.0,88,7,76,7,72,5,0,0,8.0,1.0,0.0,27,27,1,0,26,1.0,1.0,1.0,1.0,0.0,,,,,0.0,,0,0.0,,0.07,,,,
No,ac8060265bcaca61568ef3a20b9a0140a270af54,Static Function,"handle_code(const struct resolv_response_context *,struct resolv_response_builder *,const char *,uint16_t,uint16_t,int)",resolv\tst-resolv-network.c,,,,5,109,7,,,,,,,,,,,,,,,,,,,,,,,,,,,,,,,8.0,118,5,109,19,93,7,0,0,15.0,15.0,1.0,76,91,4,0,87,15.0,4.0,15.0,1.0,79.0,,,,,0.0,,3,0.0,,0.06,,,,
No,ac8060265bcaca61568ef3a20b9a0140a270af54,Static Function,"response(const struct resolv_response_context *,struct resolv_response_builder *,const char *,uint16_t,uint16_t)",resolv\tst-resolv-network.c,,,,0,28,1,,,,,,,,,,,,,,,,,,,,,,,,,,,,,,,5.0,29,0,28,8,14,1,0,0,6.0,4.0,1.0,10,13,4,0,9,4.0,4.0,6.0,1.0,1.0,,,,,0.0,,2,0.0,,0.04,,,,
No,ac8060265bcaca61568ef3a20b9a0140a270af54,File,tst-resolv-network.c,resolv\tst-resolv-network.c,3.0,47.0,3.0,24,257,31,5.0,2.0,5.0,1.0,52.0,3.0,47.0,3.0,,,,0.0,,,,,,5.0,,,,,,,,,,,,,,309,24,248,44,198,31,0,9,,,,134,158,18,0,140,,,,,,15.0,4.0,15.0,1.0,,,3,,,0.13,23.0,12.0,25.0,5.0
Yes,688903eb3ef01301d239ab753d309d45720610a7,Function,__h_errno_location(),,,,,0,0,0,,,,,,,,,,,,,,,,,,,,,,,,,,,,,,,4.0,0,0,0,0,0,0,0,0,7.0,0.0,0.0,0,0,0,0,0,0.0,0.0,0.0,0.0,0.0,,,,,0.0,,0,0.0,,0.0,,,,
Yes,688903eb3ef01301d239ab753d309d45720610a7,Static Function,check_long_name(),resolv\tst-resolv-network.c,,,,4,16,0,,,,,,,,,,,,,,,,,,,,,,,,,,,,,,,3.0,20,4,16,5,10,0,0,0,8.0,2.0,0.0,12,13,3,0,10,2.0,2.0,2.0,1.0,0.0,,,,,0.0,,1,0.0,,0.0,,,,
Yes,688903eb3ef01301d239ab753d309d45720610a7,Static Function,"check_reverse(int,const char *)",resolv\tst-resolv-network.c,,,,0,7,0,,,,,,,,,,,,,,,,,,,,,,,,,,,,,,,3.0,7,0,7,3,3,0,0,0,4.0,1.0,0.0,3,3,1,0,2,1.0,1.0,1.0,1.0,0.0,,,,,0.0,,0,0.0,,0.0,,,,
Yes,688903eb3ef01301d239ab753d309d45720610a7,Static Function,do_test(),resolv\tst-resolv-network.c,,,,7,74,4,,,,,,,,,,,,,,,,,,,,,,,,,,,,,,,0.0,85,7,74,7,70,4,0,0,8.0,1.0,0.0,26,26,1,0,25,1.0,1.0,1.0,1.0,0.0,,,,,0.0,,0,0.0,,0.05,,,,
Yes,688903eb3ef01301d239ab753d309d45720610a7,Static Function,"handle_code(const struct resolv_response_context *,struct resolv_response_builder *,const char *,uint16_t,uint16_t,int)",resolv\tst-resolv-network.c,,,,5,106,7,,,,,,,,,,,,,,,,,,,,,,,,,,,,,,,8.0,115,5,106,19,90,7,0,0,15.0,14.0,1.0,74,88,4,0,84,14.0,4.0,14.0,1.0,67.0,,,,,0.0,,3,0.0,,0.07,,,,
Yes,688903eb3ef01301d239ab753d309d45720610a7,Static Function,"response(const struct resolv_response_context *,struct resolv_response_builder *,const char *,uint16_t,uint16_t)",resolv\tst-resolv-network.c,,,,0,28,1,,,,,,,,,,,,,,,,,,,,,,,,,,,,,,,5.0,29,0,28,8,14,1,0,0,6.0,4.0,1.0,10,13,4,0,9,4.0,4.0,6.0,1.0,1.0,,,,,0.0,,2,0.0,,0.04,,,,
Yes,688903eb3ef01301d239ab753d309d45720610a7,File,tst-resolv-network.c,resolv\tst-resolv-network.c,3.0,46.0,2.0,24,252,30,4.0,2.0,5.0,1.0,51.0,3.0,46.0,2.0,,,,0.0,,,,,,5.0,,,,,,,,,,,,,,303,24,243,44,193,30,0,9,,,,131,154,18,0,136,,,,,,14.0,4.0,14.0,1.0,,,3,,,0.12,22.0,12.0,24.0,5.0
