Kind,Name,File,AltAvgLineBlank,AltAvgLineCode,AltAvgLineComment,AltCountLineBlank,AltCountLineCode,AltCountLineComment,AvgCyclomatic,AvgCyclomaticModified,AvgCyclomaticStrict,AvgEssential,AvgLine,AvgLineBlank,AvgLineCode,AvgLineComment,CountClassBase,CountClassCoupled,CountClassDerived,CountDeclClass,CountDeclClassMethod,CountDeclClassVariable,CountDeclFile,CountDeclFileCode,CountDeclFileHeader,CountDeclFunction,CountDeclInstanceMethod,CountDeclInstanceVariable,CountDeclInstanceVariablePrivate,CountDeclInstanceVariableProtected,CountDeclInstanceVariablePublic,CountDeclMethod,CountDeclMethodAll,CountDeclMethodConst,CountDeclMethodFriend,CountDeclMethodPrivate,CountDeclMethodProtected,CountDeclMethodPublic,CountInput,SumCountInput,AvgCountInput,MaxCountInput,CountLine,CountLineBlank,CountLineCode,CountLineCodeDecl,CountLineCodeExe,CountLineComment,CountLineInactive,CountLinePreprocessor,CountOutput,SumCountOutput,AvgCountOutput,MaxCountOutput,CountPath,SumCountPath,CountPathLog,CountSemicolon,CountStmt,CountStmtDecl,CountStmtEmpty,CountStmtExe,Cyclomatic,CyclomaticModified,CyclomaticStrict,Essential,Knots,MaxCyclomatic,MaxCyclomaticModified,MaxCyclomaticStrict,MaxEssential,MaxEssentialKnots,MaxInheritanceTree,MaxNesting,SumMaxNesting,AvgMaxNesting,MaxMaxNesting,HenryKafura,MinEssentialKnots,PercentLackOfCohesion,RatioCommentToCode,SumCyclomatic,SumCyclomaticModified,SumCyclomaticStrict,SumEssential
Struct,Arena,Source\memory_and_file_io.h,0,0,0,1,8,0,0,0,0,0,0,0,0,0,0,0,0,,0,0,,,,,0,5,0,0,5,0,0,0,0,0,0,0,,,,,9,1,8,6,0,0,0,0,,,,,,,,,5,5,0,0,,,,,,0,0,0,0,,0,0,,,,,,0,0,0,0,0,0
Struct,Copy_Ese_Files_Params,Source\internet_explorer.cpp,0,0,0,0,5,0,0,0,0,0,0,0,0,0,0,1,0,,0,0,,,,,0,2,0,0,2,0,0,0,0,0,0,0,,,,,5,0,5,3,0,0,0,0,,,,,,,,,2,2,0,0,,,,,,0,0,0,0,,0,0,,,,,,0,0,0,0,0,0
Struct,Csv_Entry,Source\memory_and_file_io.h,0,0,0,0,5,0,0,0,0,0,0,0,0,0,0,0,0,,0,0,,,,,0,2,0,0,2,0,0,0,0,0,0,0,,,,,5,0,5,3,0,0,0,0,,,,,,,,,2,2,0,0,,,,,,0,0,0,0,,0,0,,,,,,0,0,0,0,0,0
Struct,Custom_Groups,Source\custom_groups.h,0,0,0,1,7,0,0,0,0,0,0,0,0,0,0,1,0,,0,0,,,,,0,4,0,0,4,0,0,0,0,0,0,0,,,,,8,1,7,5,0,0,0,0,,,,,,,,,4,4,0,0,,,,,,0,0,0,0,,0,0,,,,,,0,0,0,0,0,0
Struct,Domain,Source\custom_groups.h,0,0,0,0,6,0,0,0,0,0,0,0,0,0,0,0,0,,0,0,,,,,0,3,0,0,3,0,0,0,0,0,0,0,,,,,6,0,6,4,0,0,0,0,,,,,,,,,3,3,0,0,,,,,,0,0,0,0,,0,0,,,,,,0,0,0,0,0,0
Struct,Dos_Date_Time,Source\memory_and_file_io.h,0,0,0,0,5,0,0,0,0,0,0,0,0,0,0,0,0,,0,0,,,,,0,2,0,0,2,0,0,0,0,0,0,0,,,,,5,0,5,3,0,0,0,0,,,,,,,,,2,2,0,0,,,,,,0,0,0,0,,0,0,,,,,,0,0,0,0,0,0
Struct,Exporter,Source\web_cache_exporter.h,0,0,0,17,48,51,0,0,0,0,0,0,0,0,0,3,0,,0,0,,,,,0,45,0,0,45,0,0,0,0,0,0,0,,,,,116,17,48,46,0,51,0,0,,,,,,,,,45,45,0,0,,,,,,0,0,0,0,,0,0,,,,,,0,1,0,0,0,0
Struct,External_Locations,Source\web_cache_exporter.h,0,0,0,0,5,0,0,0,0,0,0,0,0,0,0,1,0,,0,0,,,,,0,2,0,0,2,0,0,0,0,0,0,0,,,,,5,0,5,3,0,0,0,0,,,,,,,,,2,2,0,0,,,,,,0,0,0,0,,0,0,,,,,,0,0,0,0,0,0
Struct,File_Signature,Source\custom_groups.h,0,0,0,0,6,0,0,0,0,0,0,0,0,0,0,0,0,,0,0,,,,,0,3,0,0,3,0,0,0,0,0,0,0,,,,,6,0,6,4,0,0,0,0,,,,,,,,,3,3,0,0,,,,,,0,0,0,0,,0,0,,,,,,0,0,0,0,0,0
Struct,Find_Filename_Result,Source\java_plugin.cpp,0,0,0,0,5,0,0,0,0,0,0,0,0,0,0,0,0,,0,0,,,,,0,2,0,0,2,0,0,0,0,0,0,0,,,,,5,0,5,3,0,0,0,0,,,,,,,,,2,2,0,0,,,,,,0,0,0,0,,0,0,,,,,,0,0,0,0,0,0
Struct,Find_Group_Files_Result,Source\custom_groups.cpp,0,0,0,0,5,0,0,0,0,0,0,0,0,0,0,1,0,,0,0,,,,,0,2,0,0,2,0,0,0,0,0,0,0,,,,,5,0,5,3,0,0,0,0,,,,,,,,,2,2,0,0,,,,,,0,0,0,0,,0,0,,,,,,0,0,0,0,0,0
Struct,Find_Shockwave_Files_Params,Source\shockwave_plugin.cpp,0,0,0,0,6,0,0,0,0,0,0,0,0,0,0,1,0,,0,0,,,,,0,3,0,0,3,0,0,0,0,0,0,0,,,,,6,0,6,4,0,0,0,0,,,,,,,,,3,3,0,0,,,,,,0,0,0,0,,0,0,,,,,,0,0,0,0,0,0
Struct,Group,Source\custom_groups.h,0,0,0,4,22,0,0,0,0,0,0,0,0,0,0,2,0,,0,0,,,,,0,2,0,0,2,0,0,0,0,0,0,0,,,,,26,4,22,18,0,0,0,0,,,,,,,,,13,13,0,0,,,,,,0,0,0,0,,0,0,,,,,,0,0,0,0,0,0
Struct,Ie_4_Index_Url_Entry,Source\internet_explorer.cpp,0,0,0,6,27,12,0,0,0,0,0,0,0,0,0,0,0,,0,0,,,,,0,24,0,0,24,0,0,0,0,0,0,0,,,,,33,6,27,25,0,12,0,0,,,,,,,,,24,24,0,0,,,,,,0,0,0,0,,0,0,,,,,,0,0,0,0,0,0
Struct,Ie_5_To_9_Index_Url_Entry,Source\internet_explorer.cpp,0,0,0,8,32,14,0,0,0,0,0,0,0,0,0,0,0,,0,0,,,,,0,24,0,0,24,0,0,0,0,0,0,0,,,,,40,8,32,28,0,14,0,0,,,,,,,,,27,27,0,0,,,,,,0,0,0,0,,0,0,,,,,,0,0,0,0,0,0
Struct,Ie_Index_File_Map_Entry,Source\internet_explorer.cpp,0,0,0,0,5,2,0,0,0,0,0,0,0,0,0,0,0,,0,0,,,,,0,2,0,0,2,0,0,0,0,0,0,0,,,,,5,0,5,3,0,2,0,0,,,,,,,,,2,2,0,0,,,,,,0,0,0,0,,0,0,,,,,,0,0,0,0,0,0
Struct,Ie_Index_Header,Source\internet_explorer.cpp,0,0,0,5,23,6,0,0,0,0,0,0,0,0,0,0,0,,0,0,,,,,0,16,0,0,16,0,0,0,0,0,0,0,,,,,28,5,23,21,0,6,0,0,,,,,,,,,18,18,0,0,,,,,,0,0,0,0,,0,0,,,,,,0,0,0,0,0,0
Struct,Index,Source\java_plugin.cpp,0,0,0,14,43,5,0,0,0,0,0,0,0,0,0,0,0,,0,0,,,,,0,40,0,0,40,0,0,0,0,0,0,0,,,,,60,14,43,41,0,5,0,0,,,,,,,,,40,40,0,0,,,,,,0,0,0,0,,0,0,,,,,,0,0,0,0,0,0
Struct,JET_THREADSTATS,Source\ThirdParty\ESENT\esent.h,0,0,0,0,10,8,0,0,0,0,0,0,0,0,0,0,0,,0,0,,,,,0,8,0,0,8,0,0,0,0,0,0,0,,,,,10,0,10,9,0,8,0,0,,,,,,,,,8,8,0,0,,,,,,0,0,0,0,,0,0,,,,,,0,0,0,0,0,0
Struct,Language_Code_Page_Info,Source\memory_and_file_io.cpp,0,0,0,0,5,0,0,0,0,0,0,0,0,0,0,0,0,,0,0,,,,,0,2,0,0,2,0,0,0,0,0,0,0,,,,,5,0,5,3,0,0,0,0,,,,,,,,,2,2,0,0,,,,,,0,0,0,0,,0,0,,,,,,0,0,0,0,0,0
Struct,Matchable_Cache_Entry,Source\custom_groups.h,0,0,0,2,11,0,0,0,0,0,0,0,0,0,0,0,0,,0,0,,,,,0,8,0,0,8,0,0,0,0,0,0,0,,,,,13,2,11,9,0,0,0,0,,,,,,,,,8,8,0,0,,,,,,0,0,0,0,,0,0,,,,,,0,0,0,0,0,0
Struct,Profile,Source\web_cache_exporter.h,0,0,0,1,11,0,0,0,0,0,0,0,0,0,0,0,0,,0,0,,,,,0,8,0,0,8,0,0,0,0,0,0,0,,,,,12,1,11,9,0,0,0,0,,,,,,,,,8,8,0,0,,,,,,0,0,0,0,,0,0,,,,,,0,0,0,0,0,0
Class,SHA256,Source\ThirdParty\SHA-256\sha256.h,4,28,4,46,272,59,3,3,3,1,37,4,27,4,0,0,0,,0,0,,,,,9,4,4,0,0,9,9,0,0,2,0,7,,,,,375,46,268,52,198,59,1,3,,,,,,,,,417,42,7,368,,,,,,8,8,8,1,,0,2,,,,,,69,0,31,31,32,9
Public Function,SHA256::SHA256(),Source\ThirdParty\SHA-256\sha256.cpp,,,,0,4,0,,,,,,,,,,,,,,,,,,,,,,,,,,,,,,,1,,,,4,0,4,1,1,0,0,0,2,,,,1,,0,1,1,0,0,1,1,1,1,1,0,,,,,0,,0,,,,,0,,0,,,,
Public Function,"SHA256::add(const void *,size_t)",Source\ThirdParty\SHA-256\sha256.cpp,,,,5,32,4,,,,,,,,,,,,,,,,,,,,,,,,,,,,,,,7,,,,41,5,32,2,19,4,0,0,4,,,,30,,1,13,19,1,0,18,7,7,8,1,1,,,,,0,,2,,,,,0,,0,,,,
Public Function,SHA256::getHash(),Source\ThirdParty\SHA-256\sha256.cpp,,,,2,14,2,,,,,,,,,,,,,,,,,,,,,,,,,,,,,,,3,,,,18,2,14,5,7,2,0,0,2,,,,2,,0,10,11,4,0,7,2,2,2,1,0,,,,,0,,1,,,,,0,,0,,,,
Public Function,SHA256::getHash(unsigned char [SHA256::HashBytes]),Source\ThirdParty\SHA-256\sha256.cpp,,,,3,16,3,,,,,,,,,,,,,,,,,,,,,,,,,,,,,,,2,,,,22,3,16,5,10,3,0,0,2,,,,4,,1,13,15,4,0,11,3,3,3,1,0,,,,,0,,1,,,,,0,,0,,,,
Public Function,SHA256::operator()(const std::string &),Source\ThirdParty\SHA-256\sha256.cpp,,,,0,6,0,,,,,,,,,,,,,,,,,,,,,,,,,,,,,,,1,,,,6,0,6,1,3,0,0,0,6,,,,1,,0,3,3,0,0,3,1,1,1,1,0,,,,,0,,0,,,,,0,,0,,,,
Public Function,"SHA256::operator()(const void *,size_t)",Source\ThirdParty\SHA-256\sha256.cpp,,,,0,6,0,,,,,,,,,,,,,,,,,,,,,,,,,,,,,,,2,,,,6,0,6,1,3,0,0,0,4,,,,1,,0,3,3,0,0,3,1,1,1,1,0,,,,,0,,0,,,,,0,,0,,,,
Private Function,SHA256::processBlock(const void *),Source\ThirdParty\SHA-256\sha256.cpp,,,,17,123,19,,,,,,,,,,,,,,,,,,,,,,,,,,,,,,,4,,,,158,17,119,13,113,19,1,3,5,,,,128,,2,297,304,12,6,286,8,8,8,1,0,,,,,0,,1,,,,,0,,0,,,,
Private Function,SHA256::processBuffer(),Source\ThirdParty\SHA-256\sha256.cpp,,,,10,38,15,,,,,,,,,,,,,,,,,,,,,,,,,,,,,,,4,,,,63,10,38,7,32,15,0,0,2,,,,64,,2,30,36,6,1,29,7,7,7,1,3,,,,,0,,1,,,,,0,,0,,,,
Public Function,SHA256::reset(),Source\ThirdParty\SHA-256\sha256.cpp,,,,1,13,1,,,,,,,,,,,,,,,,,,,,,,,,,,,,,,,3,,,,15,1,13,1,10,1,0,0,3,,,,1,,0,10,10,0,0,10,1,1,1,1,0,,,,,0,,0,,,,,0,,0,,,,
Struct,SYSTEM_HANDLE_INFORMATION,Source\memory_and_file_io.cpp,0,0,0,0,5,0,0,0,0,0,0,0,0,0,0,1,0,,0,0,,,,,0,2,0,0,2,0,0,0,0,0,0,0,,,,,5,0,5,3,0,0,0,0,,,,,,,,,2,2,0,0,,,,,,0,0,0,0,,0,0,,,,,,0,0,0,0,0,0
Struct,SYSTEM_HANDLE_TABLE_ENTRY_INFO,Source\memory_and_file_io.cpp,0,0,0,0,10,0,0,0,0,0,0,0,0,0,0,0,0,,0,0,,,,,0,7,0,0,7,0,0,0,0,0,0,0,,,,,10,0,10,8,0,0,0,0,,,,,,,,,7,7,0,0,,,,,,0,0,0,0,,0,0,,,,,,0,0,0,0,0,0
Struct,Total_Group_File_Result,Source\custom_groups.cpp,0,0,0,0,6,0,0,0,0,0,0,0,0,0,0,1,0,,0,0,,,,,0,3,0,0,3,0,0,0,0,0,0,0,,,,,6,0,6,4,0,0,0,0,,,,,,,,,3,3,0,0,,,,,,0,0,0,0,,0,0,,,,,,0,0,0,0,0,0
Struct,Url_Parts,Source\memory_and_file_io.h,0,0,0,2,10,0,0,0,0,0,0,0,0,0,0,0,0,,0,0,,,,,0,7,0,0,7,0,0,0,0,0,0,0,,,,,12,2,10,8,0,0,0,0,,,,,,,,,7,7,0,0,,,,,,0,0,0,0,,0,0,,,,,,0,0,0,0,0,0
Struct,_JET_INSTANCE_INFO_A,Source\ThirdParty\ESENT\esent.h,0,0,0,1,9,0,0,0,0,0,0,0,0,0,0,0,0,,0,0,,,,,0,6,0,0,6,0,0,0,0,0,0,0,,,,,10,1,9,7,0,0,0,0,,,,,,,,,6,6,0,0,,,,,,0,0,0,0,,0,0,,,,,,0,0,0,0,0,0
Struct,_JET_INSTANCE_INFO_W,Source\ThirdParty\ESENT\esent.h,0,0,0,1,9,0,0,0,0,0,0,0,0,0,0,0,0,,0,0,,,,,0,6,0,0,6,0,0,0,0,0,0,0,,,,,10,1,9,7,0,0,0,0,,,,,,,,,6,6,0,0,,,,,,0,0,0,0,,0,0,,,,,,0,0,0,0,0,0
Function,"_tmain(int,TCHAR *[])",Source\web_cache_exporter.cpp,,,,55,273,8,,,,,,,,,,,,,,,,,,,,,,,,,,,,,,,29,,,,336,53,256,12,178,7,13,7,45,,,,1032304,,6,136,165,11,0,154,29,24,31,5,33,,,,,4,,2,,,,,4,,0,,,,
Function,"advance_bytes(void *,u16)",Source\memory_and_file_io.cpp,,,,0,4,0,,,,,,,,,,,,,,,,,,,,,,,,,,,,,,,10,,,,4,0,4,1,1,0,0,0,1,,,,1,,0,1,1,0,0,1,1,1,1,1,0,,,,,0,,0,,,,,0,,0,,,,
Function,"advance_bytes(void *,u32)",Source\memory_and_file_io.cpp,,,,0,4,0,,,,,,,,,,,,,,,,,,,,,,,,,,,,,,,10,,,,4,0,4,1,1,0,0,0,1,,,,1,,0,1,1,0,0,1,1,1,1,1,0,,,,,0,,0,,,,,0,,0,,,,
Function,"advance_bytes(void *,u64)",Source\memory_and_file_io.cpp,,,,0,4,0,,,,,,,,,,,,,,,,,,,,,,,,,,,,,,,10,,,,4,0,4,1,1,0,0,0,1,,,,1,,0,1,1,0,0,1,1,1,1,1,0,,,,,0,,0,,,,,0,,0,,,,
Function,"aligned_push_and_copy_to_arena(Arena *,size_t,size_t,const void *,size_t)",Source\memory_and_file_io.cpp,,,,1,12,0,,,,,,,,,,,,,,,,,,,,,,,,,,,,,,,12,,,,13,1,12,2,7,0,0,0,6,,,,2,,0,6,7,1,0,6,2,2,2,1,1,,,,,0,,1,,,,,0,,0,,,,
Function,"aligned_push_arena(Arena *,size_t,size_t)",Source\memory_and_file_io.cpp,,,,9,54,2,,,,,,,,,,,,,,,,,,,,,,,,,,,,,,,24,,,,65,8,41,4,26,2,10,4,9,,,,7,,1,20,25,3,0,22,6,6,7,6,6,,,,,6,,2,,,,,6,,0,,,,
Function,"build_array_from_contiguous_strings(Arena *,TCHAR *,u32)",Source\memory_and_file_io.cpp,,,,2,10,0,,,,,,,,,,,,,,,,,,,,,,,,,,,,,,,6,,,,12,2,10,3,5,0,0,0,4,,,,2,,0,6,7,2,0,5,2,2,2,1,0,,,,,0,,1,,,,,0,,0,,,,
Static Function,clean_up(Exporter *),Source\web_cache_exporter.cpp,,,,3,23,0,,,,,,,,,,,,,,,,,,,,,,,,,,,,,,,8,,,,26,3,21,1,12,0,0,2,9,,,,6,,1,9,12,0,0,12,4,4,5,1,0,,,,,0,,2,,,,,0,,0,,,,
Function,clear_arena(Arena *),Source\memory_and_file_io.cpp,,,,2,18,0,,,,,,,,,,,,,,,,,,,,,,,,,,,,,,,9,,,,20,2,15,2,8,0,1,2,6,,,,3,,0,6,8,1,0,7,3,3,3,1,1,,,,,0,,1,,,,,0,,0,,,,
Function,close_log_file(),Source\memory_and_file_io.cpp,,,,0,4,0,,,,,,,,,,,,,,,,,,,,,,,,,,,,,,,2,,,,4,0,4,1,1,0,0,0,1,,,,1,,0,1,1,0,0,1,1,1,1,1,0,,,,,0,,0,,,,,0,,0,,,,
Function,"combine_high_and_low_u32s_into_u64(u32,u32)",Source\memory_and_file_io.cpp,,,,0,4,0,,,,,,,,,,,,,,,,,,,,,,,,,,,,,,,4,,,,4,0,4,1,1,0,0,0,1,,,,1,,0,1,1,0,0,1,1,1,1,1,0,,,,,0,,0,,,,,0,,0,,,,
Static Function,"compare_file_bytes_using_wildcards(u8 *,u32,u8 *,bool *,u32)",Source\custom_groups.cpp,,,,2,13,0,,,,,,,,,,,,,,,,,,,,,,,,,,,,,,,6,,,,15,2,13,3,5,0,0,0,1,,,,4,,1,5,8,1,0,7,4,4,5,4,4,,,,,4,,2,,,,,4,,0,,,,
Static Function,"compare_filenames(const void *,const void *)",Source\custom_groups.cpp,,,,0,6,0,,,,,,,,,,,,,,,,,,,,,,,,,,,,,,,2,,,,6,0,6,3,3,0,0,0,2,,,,1,,0,3,3,2,0,1,1,1,1,1,0,,,,,0,,0,,,,,0,,0,,,,
Static Function,"compare_reserved_names(const void *,const void *)",Source\memory_and_file_io.cpp,,,,4,11,1,,,,,,,,,,,,,,,,,,,,,,,,,,,,,,,2,,,,16,4,11,6,8,1,0,0,4,,,,1,,0,8,8,5,0,3,1,1,1,1,0,,,,,0,,0,,,,,0,,0,,,,
Function,"convert_ansi_string_to_tchar(Arena *,const char *)",Source\memory_and_file_io.cpp,,,,0,8,0,,,,,,,,,,,,,,,,,,,,,,,,,,,,,,,6,,,,8,0,4,1,1,0,1,3,2,,,,1,,0,1,1,0,0,1,1,1,1,1,0,,,,,0,,0,,,,,0,,0,,,,
Function,"convert_code_page_string_to_tchar(Arena *,Arena *,u32,const char *)",Source\memory_and_file_io.cpp,,,,6,36,2,,,,,,,,,,,,,,,,,,,,,,,,,,,,,,,6,,,,44,6,28,5,17,2,2,6,8,,,,5,,1,13,17,4,0,13,5,5,7,5,4,,,,,4,,1,,,,,4,,0,,,,
Function,"convert_code_page_string_to_tchar(Arena *,u32,const char *)",Source\memory_and_file_io.cpp,,,,0,4,0,,,,,,,,,,,,,,,,,,,,,,,,,,,,,,,3,,,,4,0,4,1,1,0,0,0,2,,,,1,,0,1,1,0,0,1,1,1,1,1,0,,,,,0,,0,,,,,0,,0,,,,
Static Function,"convert_hexadecimal_char_to_integer(TCHAR,u8 *)",Source\memory_and_file_io.cpp,,,,2,24,0,,,,,,,,,,,,,,,,,,,,,,,,,,,,,,,2,,,,26,2,24,2,13,0,0,0,4,,,,4,,1,9,12,1,0,11,4,4,7,1,3,,,,,0,,1,,,,,0,,0,,,,
Function,"convert_hexadecimal_string_to_byte(const TCHAR *,u8 *)",Source\memory_and_file_io.cpp,,,,4,19,0,,,,,,,,,,,,,,,,,,,,,,,,,,,,,,,3,,,,23,4,19,6,12,0,0,0,5,,,,3,,0,9,11,5,0,6,4,4,6,1,1,,,,,0,,1,,,,,0,,0,,,,
Static Function,"convert_modified_utf_8_string_to_tchar(Arena *,const char *,u16)",Source\java_plugin.cpp,,,,6,71,13,,,,,,,,,,,,,,,,,,,,,,,,,,,,,,,4,,,,90,6,67,8,38,13,1,3,5,,,,10,,1,27,36,7,0,29,10,10,11,10,37,,,,,37,,4,,,,,37,,0,,,,
Function,"convert_s32_to_string(s32,TCHAR *)",Source\memory_and_file_io.cpp,,,,0,6,0,,,,,,,,,,,,,,,,,,,,,,,,,,,,,,,5,,,,6,0,6,2,3,0,0,0,4,,,,2,,0,3,4,1,0,3,2,2,2,1,0,,,,,0,,1,,,,,0,,0,,,,
Function,"convert_s64_to_string(s64,TCHAR *)",Source\memory_and_file_io.cpp,,,,0,6,0,,,,,,,,,,,,,,,,,,,,,,,,,,,,,,,5,,,,6,0,6,2,3,0,0,0,4,,,,2,,0,3,4,1,0,3,2,2,2,1,0,,,,,0,,1,,,,,0,,0,,,,
Static Function,"convert_u32_to_dos_date_time(u32,Dos_Date_Time *)",Source\internet_explorer.cpp,,,,0,4,0,,,,,,,,,,,,,,,,,,,,,,,,,,,,,,,5,,,,4,0,4,1,1,0,0,0,1,,,,1,,0,1,1,0,0,1,1,1,1,1,0,,,,,0,,0,,,,,0,,0,,,,
Function,"convert_u32_to_string(u32,TCHAR *)",Source\memory_and_file_io.cpp,,,,0,6,0,,,,,,,,,,,,,,,,,,,,,,,,,,,,,,,7,,,,6,0,6,2,3,0,0,0,4,,,,2,,0,3,4,1,0,3,2,2,2,1,0,,,,,0,,1,,,,,0,,0,,,,
Static Function,"convert_u64_to_filetime(u64,FILETIME *)",Source\internet_explorer.cpp,,,,0,8,0,,,,,,,,,,,,,,,,,,,,,,,,,,,,,,,2,,,,8,0,8,3,5,0,0,0,4,,,,1,,0,5,5,2,0,3,1,1,1,1,0,,,,,0,,0,,,,,0,,0,,,,
Function,"convert_u64_to_string(u64,TCHAR *)",Source\memory_and_file_io.cpp,,,,0,6,0,,,,,,,,,,,,,,,,,,,,,,,,,,,,,,,7,,,,6,0,6,2,3,0,0,0,4,,,,2,,0,3,4,1,0,3,2,2,2,1,0,,,,,0,,1,,,,,0,,0,,,,
Function,"convert_url_to_path(Arena *,const TCHAR *,TCHAR *)",Source\memory_and_file_io.cpp,,,,6,24,2,,,,,,,,,,,,,,,,,,,,,,,,,,,,,,,6,,,,32,6,24,4,15,2,0,0,9,,,,5,,1,12,15,3,0,12,4,4,6,1,1,,,,,0,,2,,,,,0,,0,,,,
Function,"convert_utf_16_string_to_tchar(Arena *,const wchar_t *)",Source\memory_and_file_io.cpp,,,,4,20,0,,,,,,,,,,,,,,,,,,,,,,,,,,,,,,,3,,,,24,0,4,1,1,0,17,3,2,,,,1,,0,1,1,0,0,1,1,1,1,1,0,,,,,0,,0,,,,,0,,0,,,,
Function,"convert_utf_8_string_to_tchar(Arena *,Arena *,const char *)",Source\memory_and_file_io.cpp,,,,0,4,0,,,,,,,,,,,,,,,,,,,,,,,,,,,,,,,8,,,,4,0,4,1,1,0,0,0,2,,,,1,,0,1,1,0,0,1,1,1,1,1,0,,,,,0,,0,,,,,0,,0,,,,
Function,"convert_utf_8_string_to_tchar(Arena *,const char *)",Source\memory_and_file_io.cpp,,,,0,4,0,,,,,,,,,,,,,,,,,,,,,,,,,,,,,,,5,,,,4,0,4,1,1,0,0,0,2,,,,1,,0,1,1,0,0,1,1,1,1,1,0,,,,,0,,0,,,,,0,,0,,,,
Static Function,"copy_file_using_url_directory_structure(Exporter *,const TCHAR *,const TCHAR *,const TCHAR *,const TCHAR *,TCHAR *,TCHAR *)",Source\web_cache_exporter.cpp,,,,23,103,3,,,,,,,,,,,,,,,,,,,,,,,,,,,,,,,13,,,,129,23,95,22,67,3,2,6,24,,,,166,,2,54,65,18,0,47,13,13,18,7,8,,,,,8,,2,,,,,7,,0,,,,
Static Function,"copy_string_from_list_to_group(Arena *,Arena *,char *,const char *,TCHAR **,u32 *)",Source\custom_groups.cpp,,,,1,14,0,,,,,,,,,,,,,,,,,,,,,,,,,,,,,,,7,,,,15,1,14,5,7,0,0,0,5,,,,4,,1,6,8,2,0,6,3,3,3,1,0,,,,,0,,1,,,,,0,,0,,,,
Function,"copy_to_temporary_file(const TCHAR *,const TCHAR *,TCHAR *,HANDLE *)",Source\memory_and_file_io.cpp,,,,6,23,1,,,,,,,,,,,,,,,,,,,,,,,,,,,,,,,6,,,,30,6,23,4,17,1,0,0,8,,,,3,,0,9,11,2,0,9,3,3,5,1,0,,,,,0,,2,,,,,0,,0,,,,
Function,correct_reserved_path_components(TCHAR *),Source\memory_and_file_io.cpp,,,,5,35,0,,,,,,,,,,,,,,,,,,,,,,,,,,,,,,,3,,,,40,5,35,17,26,0,0,0,5,,,,7,,1,15,19,6,3,10,5,5,6,3,2,,,,,2,,3,,,,,2,,0,,,,
Function,correct_url_path_characters(TCHAR *),Source\memory_and_file_io.cpp,,,,13,60,18,,,,,,,,,,,,,,,,,,,,,,,,,,,,,,,3,,,,90,13,60,5,37,18,0,0,4,,,,21,,1,20,36,4,0,32,16,8,22,7,8,,,,,8,,3,,,,,7,,0,,,,
Function,count_path_components(const TCHAR *),Source\memory_and_file_io.cpp,,,,4,17,0,,,,,,,,,,,,,,,,,,,,,,,,,,,,,,,4,,,,21,4,17,2,8,0,0,0,3,,,,4,,1,5,8,1,0,7,4,4,5,1,0,,,,,0,,3,,,,,0,,0,,,,
Static Function,count_tokens_delimited_by_spaces(TCHAR *),Source\custom_groups.cpp,,,,3,22,0,,,,,,,,,,,,,,,,,,,,,,,,,,,,,,,2,,,,25,3,22,3,11,0,0,0,2,,,,4,,1,7,10,2,0,8,4,4,4,1,1,,,,,0,,3,,,,,0,,0,,,,
Function,"create_arena(Arena *,size_t)",Source\memory_and_file_io.cpp,,,,5,24,0,,,,,,,,,,,,,,,,,,,,,,,,,,,,,,,4,,,,29,5,13,2,8,0,6,5,9,,,,2,,0,7,8,1,0,7,3,3,3,1,0,,,,,0,,1,,,,,0,,0,,,,
Function,"create_csv_file(const TCHAR *,HANDLE *)",Source\memory_and_file_io.cpp,,,,3,15,1,,,,,,,,,,,,,,,,,,,,,,,,,,,,,,,4,,,,19,3,15,2,12,1,0,0,7,,,,1,,0,6,6,1,0,5,1,1,1,1,0,,,,,0,,0,,,,,0,,0,,,,
Function,create_directories(const TCHAR *),Source\memory_and_file_io.cpp,,,,3,25,4,,,,,,,,,,,,,,,,,,,,,,,,,,,,,,,5,,,,32,3,25,5,14,4,0,0,4,,,,5,,1,12,16,4,0,12,5,5,5,4,3,,,,,3,,2,,,,,3,,0,,,,
Function,create_empty_file(const TCHAR *),Source\memory_and_file_io.cpp,,,,2,9,2,,,,,,,,,,,,,,,,,,,,,,,,,,,,,,,1,,,,13,2,9,4,6,2,0,0,5,,,,1,,0,6,6,3,0,3,1,1,1,1,0,,,,,0,,0,,,,,0,,0,,,,
Function,create_log_file(const TCHAR *),Source\memory_and_file_io.cpp,,,,4,20,1,,,,,,,,,,,,,,,,,,,,,,,,,,,,,,,4,,,,25,4,20,2,15,1,0,0,8,,,,2,,0,8,9,1,0,8,2,2,2,1,1,,,,,0,,1,,,,,0,,0,,,,
Function,"create_temporary_directory(const TCHAR *,TCHAR *)",Source\memory_and_file_io.cpp,,,,2,13,2,,,,,,,,,,,,,,,,,,,,,,,,,,,,,,,5,,,,17,2,13,3,9,2,0,0,7,,,,1,,0,7,7,2,0,5,2,2,4,1,0,,,,,0,,1,,,,,0,,0,,,,
Function,"csv_print_header(Arena *,HANDLE,const Csv_Type *,size_t)",Source\memory_and_file_io.cpp,,,,4,30,5,,,,,,,,,,,,,,,,,,,,,,,,,,,,,,,7,,,,39,4,30,10,19,5,0,0,9,,,,4,,1,17,20,9,0,11,4,4,4,1,2,,,,,0,,2,,,,,0,,0,,,,
Function,"csv_print_row(Arena *,HANDLE,Csv_Entry *,size_t)",Source\memory_and_file_io.cpp,,,,14,87,10,,,,,,,,,,,,,,,,,,,,,,,,,,,,,,,8,,,,111,11,66,12,41,10,21,3,15,,,,46,,2,34,43,11,0,32,10,10,10,1,4,,,,,0,,3,,,,,0,,0,,,,
File,custom_groups.cpp,Source\custom_groups.cpp,10,50,7,138,629,275,8,7,11,3,67,10,50,7,,,,0,,,,,,12,,,,,,,,,,,,,,132,11,34,1042,138,627,153,403,275,0,2,,113,9,41,,484,,316,419,145,0,274,,,,,,43,32,49,14,,,6,28,2,6,263581539,,,0,100,89,132,37
File,custom_groups.h,Source\custom_groups.h,0,0,0,22,83,14,0,0,0,0,0,0,0,0,,,,0,,,,,,0,,,,,,,,,,,,,,0,0,0,119,22,80,68,7,14,0,3,,0,0,0,,0,,43,43,43,0,0,,,,,,0,0,0,0,,,0,0,0,0,0,,,0,0,0,0,0
Function,"decode_url(Arena *,const TCHAR *)",Source\memory_and_file_io.cpp,,,,9,46,17,,,,,,,,,,,,,,,,,,,,,,,,,,,,,,,5,,,,72,9,43,6,26,17,1,2,8,,,,11,,1,19,25,5,0,20,7,7,7,5,7,,,,,7,,3,,,,,6,,0,,,,
Function,delete_all_temporary_directories(const TCHAR *),Source\memory_and_file_io.cpp,,,,0,5,0,,,,,,,,,,,,,,,,,,,,,,,,,,,,,,,3,,,,5,0,5,1,2,0,0,0,1,,,,1,,0,1,1,0,0,1,1,1,1,1,0,,,,,0,,0,,,,,0,,0,,,,
Function,delete_directory_and_contents(const TCHAR *),Source\memory_and_file_io.cpp,,,,5,26,4,,,,,,,,,,,,,,,,,,,,,,,,,,,,,,,6,,,,35,5,26,5,17,4,0,0,10,,,,4,,1,14,17,4,0,13,4,4,4,3,2,,,,,2,,1,,,,,2,,0,,,,
Function,destroy_arena(Arena *),Source\memory_and_file_io.cpp,,,,3,17,0,,,,,,,,,,,,,,,,,,,,,,,,,,,,,,,5,,,,20,3,14,3,7,0,1,2,4,,,,3,,0,5,7,2,0,5,3,3,3,1,1,,,,,0,,1,,,,,0,,0,,,,
Static Function,"do_handles_refer_to_the_same_file(HANDLE,HANDLE)",Source\memory_and_file_io.cpp,,,,2,13,3,,,,,,,,,,,,,,,,,,,,,,,,,,,,,,,6,,,,18,2,13,3,8,3,0,0,2,,,,2,,0,4,5,2,0,3,2,2,5,1,1,,,,,0,,1,,,,,0,,0,,,,
Static Function,"does_csv_string_require_escaping(const TCHAR *,size_t *)",Source\memory_and_file_io.cpp,,,,7,31,3,,,,,,,,,,,,,,,,,,,,,,,,,,,,,,,2,,,,41,7,31,3,18,3,0,0,3,,,,9,,1,13,18,2,0,16,6,6,7,1,2,,,,,0,,2,,,,,0,,0,,,,
Function,does_file_exist(const TCHAR *),Source\memory_and_file_io.cpp,,,,1,6,0,,,,,,,,,,,,,,,,,,,,,,,,,,,,,,,5,,,,7,1,6,2,3,0,0,0,3,,,,2,,0,3,4,1,0,3,2,2,3,1,1,,,,,0,,1,,,,,0,,0,,,,
Static Function,escape_csv_string(TCHAR *),Source\memory_and_file_io.cpp,,,,6,32,6,,,,,,,,,,,,,,,,,,,,,,,,,,,,,,,2,,,,44,6,32,7,21,6,0,0,3,,,,9,,1,17,22,6,0,16,6,6,7,1,2,,,,,0,,2,,,,,0,,0,,,,
Static Function,"ese_clean_up(TCHAR *,JET_INSTANCE *,JET_SESID *,JET_DBID *,JET_TABLEID *)",Source\internet_explorer.cpp,,,,5,36,0,,,,,,,,,,,,,,,,,,,,,,,,,,,,,,,6,,,,41,5,36,4,21,0,0,0,12,,,,270,,2,16,26,1,0,25,11,11,11,1,0,,,,,0,,2,,,,,0,,0,,,,
File,esent.h,Source\ThirdParty\ESENT\esent.h,0,0,0,865,3735,1141,0,0,0,0,0,0,0,0,,,,0,,,,,,0,,,,,,,,,,,,,,0,0,0,4812,865,1892,1901,0,1130,176,1834,,0,0,0,,0,,698,699,699,0,0,,,,,,0,0,0,0,,,0,0,0,0,0,,,0,0,0,0,0
File,explore_files.cpp,Source\explore_files.cpp,3,14,2,11,39,22,1,1,1,1,17,3,14,2,,,,0,,,,,,2,,,,,,,,,,,,,,12,6,6,68,11,37,21,29,22,0,2,,12,6,6,,2,,17,19,9,0,10,,,,,,1,1,1,1,,,0,0,0,0,25920,,,0,2,2,2,2
File,explore_files.h,Source\explore_files.h,0,0,0,2,4,0,0,0,0,0,0,0,0,0,,,,0,,,,,,0,,,,,,,,,,,,,,0,0,0,6,2,1,1,0,0,0,3,,0,0,0,,0,,1,1,1,0,0,,,,,,0,0,0,0,,,0,0,0,0,0,,,0,0,0,0,0
Static Function,"explore_files_callback(const TCHAR *,WIN32_FIND_DATA *,void *)",Source\explore_files.cpp,,,,4,17,4,,,,,,,,,,,,,,,,,,,,,,,,,,,,,,,6,,,,21,4,17,11,14,4,0,0,6,,,,1,,0,8,8,4,0,4,1,1,1,1,0,,,,,0,,0,,,,,0,,0,,,,
Static Function,export_all_cache_locations(Exporter *),Source\web_cache_exporter.cpp,,,,3,10,0,,,,,,,,,,,,,,,,,,,,,,,,,,,,,,,2,,,,13,3,10,1,7,0,0,0,6,,,,1,,0,7,7,0,0,7,1,1,1,1,0,,,,,0,,0,,,,,0,,0,,,,
Static Function,export_all_default_or_specific_cache_locations(Exporter *),Source\web_cache_exporter.cpp,,,,8,64,3,,,,,,,,,,,,,,,,,,,,,,,,,,,,,,,22,,,,75,8,47,5,36,3,0,17,9,,,,4376,,4,76,93,4,0,89,25,25,25,1,8,,,,,0,,4,,,,,0,,0,,,,
Function,"export_cache_entry(Exporter *,Csv_Entry *,TCHAR *,TCHAR *,TCHAR *,WIN32_FIND_DATA *)",Source\web_cache_exporter.cpp,,,,36,167,25,,,,,,,,,,,,,,,,,,,,,,,,,,,,,,,42,,,,228,36,164,21,109,25,1,2,21,,,,12480,,4,78,116,18,0,98,38,24,48,1,92,,,,,0,,3,,,,,0,,0,,,,
Function,export_default_or_specific_flash_plugin_cache(Exporter *),Source\flash_plugin.cpp,,,,5,22,2,,,,,,,,,,,,,,,,,,,,,,,,,,,,,,,11,,,,29,5,22,1,13,2,0,0,9,,,,4,,1,11,13,0,0,13,3,3,3,1,0,,,,,0,,1,,,,,0,,0,,,,
Function,export_default_or_specific_internet_explorer_cache(Exporter *),Source\internet_explorer.cpp,,,,17,63,0,,,,,,,,,,,,,,,,,,,,,,,,,,,,,,,15,,,,80,17,61,3,46,0,0,2,12,,,,12,,1,42,46,2,0,44,5,5,8,1,0,,,,,0,,2,,,,,0,,0,,,,
Function,export_default_or_specific_java_plugin_cache(Exporter *),Source\java_plugin.cpp,,,,9,33,0,,,,,,,,,,,,,,,,,,,,,,,,,,,,,,,12,,,,42,9,33,3,24,0,0,0,9,,,,9,,1,22,26,2,0,24,5,5,5,1,0,,,,,0,,2,,,,,0,,0,,,,
Function,export_default_or_specific_shockwave_plugin_cache(Exporter *),Source\shockwave_plugin.cpp,,,,8,40,0,,,,,,,,,,,,,,,,,,,,,,,,,,,,,,,12,,,,48,8,28,2,19,0,0,12,12,,,,4,,1,29,31,1,0,30,5,5,5,1,0,,,,,0,,2,,,,,0,,0,,,,
Function,export_explored_files(Exporter *),Source\explore_files.cpp,,,,1,11,0,,,,,,,,,,,,,,,,,,,,,,,,,,,,,,,6,,,,12,1,11,1,6,0,0,0,6,,,,1,,0,6,6,0,0,6,1,1,1,1,0,,,,,0,,0,,,,,0,,0,,,,
Static Function,"export_internet_explorer_10_to_11_cache(Exporter *,const wchar_t *)",Source\internet_explorer.cpp,,,,77,378,86,,,,,,,,,,,,,,,,,,,,,,,,,,,,,,,23,,,,522,77,378,131,281,86,0,0,50,,,,28955,,4,227,258,84,0,174,32,32,33,10,13,,,,,10,,8,,,,,10,,0,,,,
Static Function,export_internet_explorer_4_to_9_cache(Exporter *),Source\internet_explorer.cpp,,,,62,340,55,,,,,,,,,,,,,,,,,,,,,,,,,,,,,,,46,,,,454,62,299,90,228,55,0,41,28,,,,999999999,,10,247,300,84,0,216,78,71,83,6,52,,,,,5,,7,,,,,5,,0,,,,
Static Function,export_raw_internet_explorer_4_to_9_cache(Exporter *),Source\internet_explorer.cpp,,,,0,5,0,,,,,,,,,,,,,,,,,,,,,,,,,,,,,,,3,,,,5,0,5,1,2,0,0,0,2,,,,1,,0,1,1,0,0,1,1,1,1,1,0,,,,,0,,0,,,,,0,,0,,,,
Function,"f1(uint32_t,uint32_t,uint32_t)",Source\ThirdParty\SHA-256\sha256.cpp,,,,0,6,1,,,,,,,,,,,,,,,,,,,,,,,,,,,,,,,4,,,,6,0,6,3,3,1,0,0,2,,,,1,,0,3,3,2,0,1,1,1,1,1,0,,,,,0,,0,,,,,0,,0,,,,
Function,"f2(uint32_t,uint32_t,uint32_t)",Source\ThirdParty\SHA-256\sha256.cpp,,,,0,6,1,,,,,,,,,,,,,,,,,,,,,,,,,,,,,,,4,,,,6,0,6,3,3,1,0,0,2,,,,1,,0,3,3,2,0,1,1,1,1,1,0,,,,,0,,0,,,,,0,,0,,,,
Static Function,"find_cached_filename_that_starts_with(const TCHAR *,const TCHAR *,TCHAR *)",Source\java_plugin.cpp,,,,1,11,0,,,,,,,,,,,,,,,,,,,,,,,,,,,,,,,6,,,,12,1,11,3,8,0,0,0,6,,,,1,,0,7,7,2,0,5,1,1,1,1,0,,,,,0,,0,,,,,0,,0,,,,
Static Function,"find_cached_filename_that_starts_with_callback(const TCHAR *,WIN32_FIND_DATA *,void *)",Source\java_plugin.cpp,,,,0,7,0,,,,,,,,,,,,,,,,,,,,,,,,,,,,,,,6,,,,7,0,7,2,4,0,0,0,6,,,,1,,0,3,3,1,0,2,1,1,2,1,0,,,,,0,,0,,,,,0,,0,,,,
Static Function,"find_flash_cache_files_callback(const TCHAR *,WIN32_FIND_DATA *,void *)",Source\flash_plugin.cpp,,,,12,52,7,,,,,,,,,,,,,,,,,,,,,,,,,,,,,,,7,,,,67,12,52,26,41,7,0,0,16,,,,3,,0,31,33,18,0,15,3,3,3,1,1,,,,,0,,2,,,,,0,,0,,,,
Static Function,"find_flash_video_files_callback(const TCHAR *,WIN32_FIND_DATA *,void *)",Source\flash_plugin.cpp,,,,6,27,6,,,,,,,,,,,,,,,,,,,,,,,,,,,,,,,6,,,,34,6,27,17,22,6,0,0,8,,,,2,,0,13,14,8,0,6,2,2,3,1,0,,,,,0,,1,,,,,0,,0,,,,
Static Function,"find_group_files_callback(const TCHAR *,WIN32_FIND_DATA *,void *)",Source\custom_groups.cpp,,,,4,15,0,,,,,,,,,,,,,,,,,,,,,,,,,,,,,,,9,,,,19,4,15,5,10,0,0,0,5,,,,2,,0,8,9,4,0,5,2,2,3,1,1,,,,,0,,1,,,,,0,,0,,,,
Static Function,"find_internet_explorer_10_to_11_ese_files_callback(const TCHAR *,WIN32_FIND_DATA *,void *)",Source\internet_explorer.cpp,,,,7,32,4,,,,,,,,,,,,,,,,,,,,,,,,,,,,,,,7,,,,43,7,32,8,19,4,0,0,7,,,,4,,1,14,17,7,0,10,4,4,4,1,2,,,,,0,,3,,,,,0,,0,,,,
Static Function,"find_internet_explorer_4_to_9_cache_files_callback(const TCHAR *,WIN32_FIND_DATA *,void *)",Source\internet_explorer.cpp,,,,6,20,7,,,,,,,,,,,,,,,,,,,,,,,,,,,,,,,6,,,,29,6,20,12,17,7,0,0,9,,,,2,,0,11,12,5,0,7,2,2,2,1,1,,,,,0,,1,,,,,0,,0,,,,
Function,"find_internet_explorer_version(TCHAR *,u32)",Source\internet_explorer.cpp,,,,0,5,2,,,,,,,,,,,,,,,,,,,,,,,,,,,,,,,3,,,,7,0,5,1,2,2,0,0,3,,,,1,,0,1,1,0,0,1,1,1,2,1,0,,,,,0,,0,,,,,0,,0,,,,
Static Function,"find_java_applet_store_files_callback(const TCHAR *,WIN32_FIND_DATA *,void *)",Source\java_plugin.cpp,,,,6,21,6,,,,,,,,,,,,,,,,,,,,,,,,,,,,,,,6,,,,27,6,21,15,18,6,0,0,7,,,,1,,0,10,10,6,0,4,1,1,1,1,0,,,,,0,,0,,,,,0,,0,,,,
Static Function,"find_java_index_files_callback(const TCHAR *,WIN32_FIND_DATA *,void *)",Source\java_plugin.cpp,,,,19,117,43,,,,,,,,,,,,,,,,,,,,,,,,,,,,,,,29,,,,176,19,117,36,80,43,0,0,24,,,,1776,,3,56,70,27,0,43,15,15,18,1,4,,,,,0,,4,,,,,0,,0,,,,
Static Function,"find_shockwave_files_callback(const TCHAR *,WIN32_FIND_DATA *,void *)",Source\shockwave_plugin.cpp,,,,11,41,4,,,,,,,,,,,,,,,,,,,,,,,,,,,,,,,10,,,,52,11,41,18,30,4,0,0,11,,,,5,,1,19,22,10,0,12,5,5,5,1,1,,,,,0,,2,,,,,0,,0,,,,
Static Function,"find_temporary_directories_callback(const TCHAR *,WIN32_FIND_DATA *,void *)",Source\memory_and_file_io.cpp,,,,0,8,0,,,,,,,,,,,,,,,,,,,,,,,,,,,,,,,4,,,,8,0,8,2,5,0,0,0,5,,,,1,,0,5,5,1,0,4,1,1,1,1,0,,,,,0,,0,,,,,0,,0,,,,
Static Function,"find_total_group_size_callback(const TCHAR *,WIN32_FIND_DATA *,void *)",Source\custom_groups.cpp,,,,12,53,8,,,,,,,,,,,,,,,,,,,,,,,,,,,,,,,15,,,,73,12,53,13,34,8,0,0,15,,,,7,,1,24,30,12,0,18,7,7,11,1,3,,,,,0,,5,,,,,0,,0,,,,
File,flash_plugin.cpp,Source\flash_plugin.cpp,8,34,5,30,115,66,3,3,3,1,43,8,34,5,,,,0,,,,,,3,,,,,,,,,,,,,,24,8,11,202,30,113,56,86,66,0,2,,33,11,16,,9,,60,68,34,0,34,,,,,,3,3,3,1,,,2,4,1,2,692405,,,0,8,8,9,3
File,flash_plugin.h,Source\flash_plugin.h,0,0,0,2,4,0,0,0,0,0,0,0,0,0,,,,0,,,,,,0,,,,,,,,,,,,,,0,0,0,6,2,1,1,0,0,0,3,,0,0,0,,0,,1,1,1,0,0,,,,,,0,0,0,0,,,0,0,0,0,0,,,0,0,0,0,0
Function,"force_copy_open_file(Arena *,const wchar_t *,const wchar_t *)",Source\memory_and_file_io.cpp,,,,27,119,25,,,,,,,,,,,,,,,,,,,,,,,,,,,,,,,5,,,,171,27,119,31,81,25,0,0,21,,,,128,,2,57,70,24,0,46,15,15,19,10,17,,,,,15,,7,,,,,15,,0,,,,
Function,"format_dos_date_time(Dos_Date_Time,TCHAR *)",Source\memory_and_file_io.cpp,,,,3,17,0,,,,,,,,,,,,,,,,,,,,,,,,,,,,,,,5,,,,20,3,17,3,10,0,0,0,6,,,,3,,0,8,10,2,0,8,3,3,5,1,1,,,,,0,,1,,,,,0,,0,,,,
Function,"format_filetime_date_time(FILETIME,TCHAR *)",Source\memory_and_file_io.cpp,,,,3,17,0,,,,,,,,,,,,,,,,,,,,,,,,,,,,,,,15,,,,20,3,17,3,10,0,0,0,7,,,,3,,0,8,10,2,0,8,3,3,5,1,1,,,,,0,,1,,,,,0,,0,,,,
Function,"format_time64_t_date_time(__time64_t,TCHAR *)",Source\memory_and_file_io.cpp,,,,3,17,0,,,,,,,,,,,,,,,,,,,,,,,,,,,,,,,4,,,,20,3,17,4,10,0,0,0,6,,,,3,,0,7,9,2,0,7,3,3,4,1,1,,,,,0,,1,,,,,0,,0,,,,
Function,free_esent_functions(),Source\internet_explorer.cpp,,,,1,35,0,,,,,,,,,,,,,,,,,,,,,,,,,,,,,,,2,,,,36,1,35,1,26,0,0,0,23,,,,3,,0,23,25,0,0,25,3,3,3,1,2,,,,,0,,1,,,,,0,,0,,,,
Function,free_kernel32_functions(),Source\memory_and_file_io.cpp,,,,1,17,0,,,,,,,,,,,,,,,,,,,,,,,,,,,,,,,2,,,,18,1,17,1,8,0,0,0,5,,,,3,,0,5,7,0,0,7,3,3,3,1,2,,,,,0,,1,,,,,0,,0,,,,
Function,free_ntdll_functions(),Source\memory_and_file_io.cpp,,,,1,17,0,,,,,,,,,,,,,,,,,,,,,,,,,,,,,,,2,,,,18,1,17,1,8,0,0,0,5,,,,3,,0,5,7,0,0,7,3,3,3,1,2,,,,,0,,1,,,,,0,,0,,,,
Function,"generate_sha_256_from_file(Arena *,const TCHAR *)",Source\memory_and_file_io.cpp,,,,8,53,0,,,,,,,,,,,,,,,,,,,,,,,,,,,,,,,3,,,,61,8,53,18,36,0,0,0,15,,,,4,,1,24,27,11,0,16,5,5,6,1,3,,,,,0,,4,,,,,0,,0,,,,
Static Function,get_cached_file_extension_from_java_file_type(s32),Source\java_plugin.cpp,,,,0,14,1,,,,,,,,,,,,,,,,,,,,,,,,,,,,,,,2,,,,14,0,14,1,9,1,0,0,2,,,,7,,1,7,15,0,0,15,8,2,8,1,21,,,,,0,,1,,,,,0,,0,,,,
Static Function,get_database_state_string(unsigned long),Source\internet_explorer.cpp,,,,0,12,0,,,,,,,,,,,,,,,,,,,,,,,,,,,,,,,1,,,,12,0,12,1,7,0,0,0,1,,,,6,,1,6,12,0,0,12,6,2,6,1,15,,,,,0,,1,,,,,0,,0,,,,
Static Function,get_director_file_type_from_file_signature(const TCHAR *),Source\shockwave_plugin.cpp,,,,9,57,3,,,,,,,,,,,,,,,,,,,,,,,,,,,,,,,8,,,,69,9,57,7,35,3,0,0,6,,,,25,,1,20,34,6,0,28,15,10,18,1,5,,,,,0,,4,,,,,0,,0,,,,
Function,"get_file_info(Arena *,const TCHAR *,File_Info_Type,TCHAR **)",Source\memory_and_file_io.cpp,,,,11,77,4,,,,,,,,,,,,,,,,,,,,,,,,,,,,,,,7,,,,92,11,77,17,41,4,0,0,12,,,,12,,1,30,38,16,0,22,9,9,10,1,6,,,,,0,,7,,,,,0,,0,,,,
Function,"get_file_size(HANDLE,u64 *)",Source\memory_and_file_io.cpp,,,,0,15,0,,,,,,,,,,,,,,,,,,,,,,,,,,,,,,,6,,,,15,0,7,3,4,0,5,3,3,,,,2,,0,4,5,2,0,3,2,2,2,1,0,,,,,0,,1,,,,,0,,0,,,,
Function,"get_file_size(const TCHAR *,u64 *)",Source\memory_and_file_io.cpp,,,,3,21,0,,,,,,,,,,,,,,,,,,,,,,,,,,,,,,,3,,,,24,3,21,9,14,0,0,0,6,,,,2,,0,6,7,2,0,5,2,2,2,1,1,,,,,0,,1,,,,,0,,0,,,,
Function,get_full_path_name(TCHAR *),Source\memory_and_file_io.cpp,,,,0,7,0,,,,,,,,,,,,,,,,,,,,,,,,,,,,,,,3,,,,7,0,7,3,4,0,0,0,4,,,,2,,0,4,5,2,0,3,2,2,2,1,0,,,,,0,,1,,,,,0,,0,,,,
Function,"get_full_path_name(const TCHAR *,TCHAR *,u32)",Source\memory_and_file_io.cpp,,,,0,4,0,,,,,,,,,,,,,,,,,,,,,,,,,,,,,,,9,,,,4,0,4,1,1,0,0,0,2,,,,1,,0,1,1,0,0,1,1,1,1,1,0,,,,,0,,0,,,,,0,,0,,,,
Function,"get_special_folder_path(int,TCHAR *)",Source\memory_and_file_io.cpp,,,,0,8,2,,,,,,,,,,,,,,,,,,,,,,,,,,,,,,,3,,,,10,0,4,1,1,2,1,3,3,,,,1,,0,1,1,0,0,1,1,1,1,1,0,,,,,0,,0,,,,,0,,0,,,,
Static Function,get_temporary_memory_size_for_os_version(Exporter *),Source\web_cache_exporter.cpp,,,,2,29,9,,,,,,,,,,,,,,,,,,,,,,,,,,,,,,,5,,,,35,2,29,3,16,9,0,0,5,,,,5,,1,9,13,2,0,11,5,5,10,1,4,,,,,0,,1,,,,,0,,0,,,,
Static Function,"get_total_external_locations_size(Exporter *,u32 *)",Source\web_cache_exporter.cpp,,,,11,51,8,,,,,,,,,,,,,,,,,,,,,,,,,,,,,,,7,,,,70,11,51,12,32,8,0,0,14,,,,6,,1,23,28,11,0,17,7,7,9,1,3,,,,,0,,5,,,,,0,,0,,,,
Function,"get_total_group_files_size(Exporter *,u32 *)",Source\custom_groups.cpp,,,,3,14,1,,,,,,,,,,,,,,,,,,,,,,,,,,,,,,,9,,,,18,3,14,4,11,1,0,0,6,,,,1,,0,8,8,3,0,5,2,2,2,1,0,,,,,0,,0,,,,,0,,0,,,,
Function,get_used_arena_capacity(Arena *),Source\memory_and_file_io.cpp,,,,1,8,0,,,,,,,,,,,,,,,,,,,,,,,,,,,,,,,4,,,,9,1,8,1,3,0,0,0,1,,,,2,,0,2,3,0,0,3,2,2,3,1,1,,,,,0,,1,,,,,0,,0,,,,
Function,"initialize_cache_exporter(Exporter *,const TCHAR *,const Csv_Type *,size_t)",Source\web_cache_exporter.cpp,,,,14,50,1,,,,,,,,,,,,,,,,,,,,,,,,,,,,,,,18,,,,65,14,50,8,33,1,0,0,16,,,,7,,1,26,30,6,0,24,6,6,7,1,2,,,,,0,,3,,,,,0,,0,,,,
File,internet_explorer.cpp,Source\internet_explorer.cpp,6,34,5,291,1390,559,7,6,7,1,44,6,33,5,,,,0,,,,,,34,,,,,,,,,,,,,,137,4,46,2174,291,1291,478,815,558,5,95,,255,8,50,,1000553598,,884,1067,392,0,675,,,,,,78,71,83,10,,,8,35,1,8,752658589,,,0,224,213,244,48
File,internet_explorer.h,Source\internet_explorer.h,0,0,0,3,12,3,0,0,0,0,0,0,0,0,,,,0,,,,,,0,,,,,,,,,,,,,,0,0,0,18,3,4,4,0,3,3,8,,0,0,0,,0,,4,4,4,0,0,,,,,,0,0,0,0,,,0,0,0,0,0,,,0,0,0,0,0
File,java_plugin.cpp,Source\java_plugin.cpp,10,63,14,120,591,356,34,33,35,26,85,10,48,14,,,,0,,,,,,8,,,,,,,,,,,,,,98,12,33,1051,120,472,167,285,356,1,118,,109,14,50,,1000001804,,852,1034,173,0,861,,,,,,229,226,237,194,,,8,19,2,8,289565864,,,0,270,261,283,210
File,java_plugin.h,Source\java_plugin.h,0,0,0,2,4,0,0,0,0,0,0,0,0,0,,,,0,,,,,,0,,,,,,,,,,,,,,0,0,0,6,2,1,1,0,0,0,3,,0,0,0,,0,,1,1,1,0,0,,,,,,0,0,0,0,,,0,0,0,0,0,,,0,0,0,0,0
Function,kilobytes_to_bytes(size_t),Source\memory_and_file_io.cpp,,,,0,4,0,,,,,,,,,,,,,,,,,,,,,,,,,,,,,,,3,,,,4,0,4,1,1,0,0,0,1,,,,1,,0,1,1,0,0,1,1,1,1,1,0,,,,,0,,0,,,,,0,,0,,,,
Function,"load_all_group_files(Exporter *,u32)",Source\custom_groups.cpp,,,,12,46,9,,,,,,,,,,,,,,,,,,,,,,,,,,,,,,,12,,,,67,12,46,14,35,9,0,0,15,,,,6,,1,30,34,13,0,21,5,5,5,3,2,,,,,2,,1,,,,,2,,0,,,,
Function,load_esent_functions(),Source\internet_explorer.cpp,,,,1,35,0,,,,,,,,,,,,,,,,,,,,,,,,,,,,,,,2,,,,36,1,35,20,26,0,0,0,24,,,,524290,,6,80,101,19,0,82,41,41,41,1,21,,,,,0,,3,,,,,0,,0,,,,
Static Function,"load_external_locations(Exporter *,u32)",Source\web_cache_exporter.cpp,,,,18,141,13,,,,,,,,,,,,,,,,,,,,,,,,,,,,,,,20,,,,172,18,141,20,82,13,0,0,25,,,,103,,2,54,75,19,0,56,22,22,24,1,17,,,,,0,,6,,,,,0,,0,,,,
Function,"load_group_file(Arena *,Arena *,Arena *,const TCHAR *,Group *,u32 *,u32 *)",Source\custom_groups.cpp,,,,56,279,42,,,,,,,,,,,,,,,,,,,,,,,,,,,,,,,28,,,,377,56,279,40,188,42,0,0,41,,,,217,,2,137,183,38,0,145,43,32,49,14,41,,,,,21,,6,,,,,18,,0,,,,
Function,load_kernel32_functions(),Source\memory_and_file_io.cpp,,,,1,17,0,,,,,,,,,,,,,,,,,,,,,,,,,,,,,,,2,,,,18,1,17,2,8,0,0,0,6,,,,4,,1,8,11,1,0,10,5,5,5,1,3,,,,,0,,3,,,,,0,,0,,,,
Function,load_ntdll_functions(),Source\memory_and_file_io.cpp,,,,1,17,0,,,,,,,,,,,,,,,,,,,,,,,,,,,,,,,2,,,,18,1,17,2,8,0,0,0,6,,,,4,,1,8,11,1,0,10,5,5,5,1,3,,,,,0,,3,,,,,0,,0,,,,
Function,lock_arena(Arena *),Source\memory_and_file_io.cpp,,,,1,18,0,,,,,,,,,,,,,,,,,,,,,,,,,,,,,,,7,,,,19,1,18,1,9,0,0,0,5,,,,3,,0,6,8,0,0,8,3,3,3,1,2,,,,,0,,1,,,,,0,,0,,,,
Function,"match_cache_entry_to_groups(Arena *,Custom_Groups *,Matchable_Cache_Entry *)",Source\custom_groups.cpp,,,,19,111,24,,,,,,,,,,,,,,,,,,,,,,,,,,,,,,,34,,,,154,19,111,30,66,24,0,0,13,,,,232,,2,48,70,25,0,45,23,23,41,4,4,,,,,4,,6,,,,,3,,0,,,,
Function,megabytes_to_bytes(size_t),Source\memory_and_file_io.cpp,,,,0,4,0,,,,,,,,,,,,,,,,,,,,,,,,,,,,,,,3,,,,4,0,4,1,1,0,0,0,1,,,,1,,0,1,1,0,0,1,1,1,1,1,0,,,,,0,,0,,,,,0,,0,,,,
File,memory_and_file_io.cpp,Source\memory_and_file_io.cpp,3,17,2,448,2037,1228,3,3,4,1,22,3,17,2,,,,0,,,,,,113,,,,,,,,,,,,,,743,7,91,3712,438,1897,451,1106,1224,90,67,,515,5,21,,630,,844,1173,392,7,774,,,,,,17,17,25,10,,,7,132,1,7,19256032,,,0,346,338,418,175
File,memory_and_file_io.h,Source\memory_and_file_io.h,0,0,0,81,289,151,0,0,0,0,0,0,0,0,,,,0,,,,,,0,,,,,,,,,,,,,,0,0,0,521,79,245,237,42,151,9,44,,0,0,0,,0,,143,143,143,0,0,,,,,,0,0,0,0,,,0,0,0,0,0,,,0,0,0,0,0
Function,"memory_is_equal(const void *,const void *,size_t)",Source\memory_and_file_io.cpp,,,,0,4,0,,,,,,,,,,,,,,,,,,,,,,,,,,,,,,,5,,,,4,0,4,1,1,0,0,0,2,,,,1,,0,1,1,0,0,1,1,1,1,1,0,,,,,0,,0,,,,,0,,0,,,,
Function,"memory_map_entire_file(HANDLE,u64 *,bool)",Source\memory_and_file_io.cpp,,,,7,50,15,,,,,,,,,,,,,,,,,,,,,,,,,,,,,,,8,,,,72,7,45,6,24,15,2,3,8,,,,6,,1,15,20,5,0,15,8,8,9,1,4,,,,,0,,5,,,,,0,,0,,,,
Function,"memory_map_entire_file(const TCHAR *,HANDLE *,u64 *,bool)",Source\memory_and_file_io.cpp,,,,4,23,4,,,,,,,,,,,,,,,,,,,,,,,,,,,,,,,8,,,,31,4,23,10,16,4,0,0,7,,,,2,,0,8,9,3,0,6,3,3,3,1,1,,,,,0,,1,,,,,0,,0,,,,
Static Function,"parse_cache_headers(Arena *,const char *,size_t,TCHAR **,TCHAR **,TCHAR **,TCHAR **,TCHAR **,TCHAR **,TCHAR **)",Source\internet_explorer.cpp,,,,6,58,5,,,,,,,,,,,,,,,,,,,,,,,,,,,,,,,12,,,,69,6,58,12,30,5,0,0,15,,,,12,,1,19,30,8,0,22,12,12,19,1,8,,,,,0,,4,,,,,0,,0,,,,
Static Function,"parse_exporter_arguments(int,TCHAR *[],Exporter *)",Source\web_cache_exporter.cpp,,,,24,212,2,,,,,,,,,,,,,,,,,,,,,,,,,,,,,,,15,,,,238,24,202,15,125,2,8,2,31,,,,1408,,3,90,121,14,0,107,32,32,39,12,52,,,,,43,,4,,,,,42,,0,,,,
Function,"partition_url(Arena *,const TCHAR *,Url_Parts *)",Source\memory_and_file_io.cpp,,,,17,59,25,,,,,,,,,,,,,,,,,,,,,,,,,,,,,,,8,,,,101,17,59,18,44,25,0,0,17,,,,83,,2,37,48,16,0,32,17,17,25,6,7,,,,,7,,4,,,,,7,,0,,,,
Function,"pointer_difference(void *,void *)",Source\memory_and_file_io.cpp,,,,0,4,0,,,,,,,,,,,,,,,,,,,,,,,,,,,,,,,5,,,,4,0,4,1,1,0,0,0,1,,,,1,,0,1,1,0,0,1,1,1,1,1,0,,,,,0,,0,,,,,0,,0,,,,
Function,"push_string_to_arena(Arena *,const TCHAR *)",Source\memory_and_file_io.cpp,,,,0,5,0,,,,,,,,,,,,,,,,,,,,,,,,,,,,,,,8,,,,5,0,5,2,2,0,0,0,4,,,,1,,0,2,2,1,0,1,1,1,1,1,0,,,,,0,,0,,,,,0,,0,,,,
Static Function,"query_file_handle_from_file_path(Arena *,const wchar_t *,HANDLE *)",Source\memory_and_file_io.cpp,,,,16,64,15,,,,,,,,,,,,,,,,,,,,,,,,,,,,,,,8,,,,95,16,64,22,49,15,0,0,18,,,,30,,1,36,44,15,0,29,9,9,11,8,7,,,,,7,,3,,,,,7,,0,,,,
Function,"read_entire_file(Arena *,const TCHAR *,u64 *,bool,size_t)",Source\memory_and_file_io.cpp,,,,11,60,1,,,,,,,,,,,,,,,,,,,,,,,,,,,,,,,8,,,,72,11,60,15,40,1,0,0,13,,,,9,,1,25,30,8,0,22,7,7,9,1,3,,,,,0,,5,,,,,0,,0,,,,
Function,"read_first_file_bytes(const TCHAR *,void *,u32,bool,u32 *)",Source\memory_and_file_io.cpp,,,,4,22,0,,,,,,,,,,,,,,,,,,,,,,,,,,,,,,,8,,,,26,4,22,11,16,0,0,0,6,,,,4,,1,8,11,3,0,8,4,4,8,1,1,,,,,0,,2,,,,,0,,0,,,,
Static Function,"read_index_file(Arena *,const TCHAR *,Index *,Location_Type)",Source\java_plugin.cpp,,,,42,226,46,,,,,,,,,,,,,,,,,,,,,,,,,,,,,,,33,,,,313,42,113,14,92,46,0,113,50,,,,999999999,,12,666,805,66,0,739,229,226,237,194,210,,,,,190,,8,,,,,182,,0,,,,
File,resources.h,Source\Resources\resources.h,0,0,0,7,30,1,0,0,0,0,0,0,0,0,,,,0,,,,,,0,,,,,,,,,,,,,,0,0,0,38,7,0,0,0,1,3,30,,0,0,0,,0,,0,0,0,0,0,,,,,,0,0,0,0,,,0,0,0,0,0,,,0,0,0,0,0
Function,"retreat_bytes(void *,u32)",Source\memory_and_file_io.cpp,,,,0,4,0,,,,,,,,,,,,,,,,,,,,,,,,,,,,,,,4,,,,4,0,4,1,1,0,0,0,1,,,,1,,0,1,1,0,0,1,1,1,1,1,0,,,,,0,,0,,,,,0,,0,,,,
Function,"retreat_bytes(void *,u64)",Source\memory_and_file_io.cpp,,,,0,4,0,,,,,,,,,,,,,,,,,,,,,,,,,,,,,,,4,,,,4,0,4,1,1,0,0,0,1,,,,1,,0,1,1,0,0,1,1,1,1,1,0,,,,,0,,0,,,,,0,,0,,,,
Function,"rotate(uint32_t,uint32_t)",Source\ThirdParty\SHA-256\sha256.cpp,,,,0,4,0,,,,,,,,,,,,,,,,,,,,,,,,,,,,,,,5,,,,4,0,4,1,1,0,0,0,1,,,,1,,0,1,1,0,0,1,1,1,1,1,0,,,,,0,,0,,,,,0,,0,,,,
Function,safe_close_handle(HANDLE *),Source\memory_and_file_io.cpp,,,,1,8,0,,,,,,,,,,,,,,,,,,,,,,,,,,,,,,,16,,,,9,1,8,1,3,0,0,0,2,,,,2,,0,2,3,0,0,3,2,2,3,1,0,,,,,0,,1,,,,,0,,0,,,,
Function,safe_find_close(HANDLE *),Source\memory_and_file_io.cpp,,,,1,8,0,,,,,,,,,,,,,,,,,,,,,,,,,,,,,,,2,,,,9,1,8,1,3,0,0,0,2,,,,2,,0,2,3,0,0,3,2,2,3,1,0,,,,,0,,1,,,,,0,,0,,,,
Function,safe_unmap_view_of_file(void **),Source\memory_and_file_io.cpp,,,,0,15,0,,,,,,,,,,,,,,,,,,,,,,,,,,,,,,,6,,,,15,0,12,1,5,0,1,2,4,,,,2,,0,3,4,0,0,4,2,2,2,1,1,,,,,0,,1,,,,,0,,0,,,,
Function,"separate_u32_into_high_and_low_u16s(u32,u16 *,u16 *)",Source\memory_and_file_io.cpp,,,,0,5,0,,,,,,,,,,,,,,,,,,,,,,,,,,,,,,,2,,,,5,0,5,1,2,0,0,0,2,,,,1,,0,2,2,0,0,2,1,1,1,1,0,,,,,0,,0,,,,,0,,0,,,,
Function,"separate_u64_into_high_and_low_u32s(u64,u32 *,u32 *)",Source\memory_and_file_io.cpp,,,,0,5,0,,,,,,,,,,,,,,,,,,,,,,,,,,,,,,,3,,,,5,0,5,1,2,0,0,0,2,,,,1,,0,2,2,0,0,2,1,1,1,1,0,,,,,0,,0,,,,,0,,0,,,,
Function,"set_exporter_output_copy_subdirectory(Exporter *,const TCHAR *)",Source\web_cache_exporter.cpp,,,,4,15,1,,,,,,,,,,,,,,,,,,,,,,,,,,,,,,,13,,,,20,4,15,1,8,1,0,0,6,,,,4,,1,6,8,0,0,8,3,3,3,1,0,,,,,0,,1,,,,,0,,0,,,,
File,sha256.cpp,Source\ThirdParty\SHA-256\sha256.cpp,3,22,4,65,289,63,3,3,3,1,28,3,21,4,,,,0,,,,,,13,,,,,,,,,,,,,,42,3,7,414,65,274,47,209,63,4,12,,36,3,6,,236,,388,424,45,7,372,,,,,,8,8,8,1,,,2,6,0,2,64095,,,0,35,35,36,13
File,sha256.h,Source\ThirdParty\SHA-256\sha256.h,0,0,0,13,29,37,0,0,0,0,0,0,0,0,,,,1,,,,,,0,,,,,,,,,,,,,,0,0,0,78,13,23,19,0,36,3,6,,0,0,0,,0,,19,19,19,0,0,,,,,,0,0,0,0,,,0,0,0,0,0,,,1,0,0,0,0
File,shockwave_plugin.cpp,Source\shockwave_plugin.cpp,9,46,2,47,179,87,8,7,9,1,56,9,42,2,,,,0,,,,,,3,,,,,,,,,,,,,,30,10,12,298,47,165,64,100,87,0,14,,29,10,12,,34,,84,106,36,0,70,,,,,,15,10,18,1,,,4,8,3,4,837624,,,0,25,20,28,3
File,shockwave_plugin.h,Source\shockwave_plugin.h,0,0,0,2,4,0,0,0,0,0,0,0,0,0,,,,0,,,,,,0,,,,,,,,,,,,,,0,0,0,6,2,1,1,0,0,0,3,,0,0,0,,0,,1,1,1,0,0,,,,,,0,0,0,0,,,0,0,0,0,0,,,0,0,0,0,0
Static Function,"should_load_group_with_filename(TCHAR **,size_t,TCHAR *)",Source\custom_groups.cpp,,,,4,17,1,,,,,,,,,,,,,,,,,,,,,,,,,,,,,,,5,,,,22,4,17,5,10,1,0,0,4,,,,3,,0,10,12,4,0,8,3,3,3,3,2,,,,,2,,2,,,,,2,,0,,,,
Function,skip_leading_whitespace(char *),Source\memory_and_file_io.cpp,,,,1,8,0,,,,,,,,,,,,,,,,,,,,,,,,,,,,,,,6,,,,9,1,8,1,3,0,0,0,1,,,,3,,0,2,4,0,0,4,3,3,4,1,0,,,,,0,,2,,,,,0,,0,,,,
Function,skip_leading_whitespace(wchar_t *),Source\memory_and_file_io.cpp,,,,1,8,0,,,,,,,,,,,,,,,,,,,,,,,,,,,,,,,6,,,,9,1,8,1,3,0,0,0,1,,,,3,,0,2,4,0,0,4,3,3,4,1,0,,,,,0,,2,,,,,0,,0,,,,
Function,"skip_to_file_extension(TCHAR *,bool,bool)",Source\memory_and_file_io.cpp,,,,4,25,0,,,,,,,,,,,,,,,,,,,,,,,,,,,,,,,9,,,,29,4,25,2,12,0,0,0,2,,,,11,,1,7,13,1,0,12,8,8,10,5,4,,,,,4,,4,,,,,4,,0,,,,
Function,"skip_to_last_path_components(TCHAR *,int)",Source\memory_and_file_io.cpp,,,,4,21,1,,,,,,,,,,,,,,,,,,,,,,,,,,,,,,,8,,,,26,4,21,5,12,1,0,0,4,,,,5,,1,11,15,4,1,10,5,5,5,5,4,,,,,4,,3,,,,,4,,0,,,,
Function,skip_to_next_string(char *),Source\memory_and_file_io.cpp,,,,0,5,0,,,,,,,,,,,,,,,,,,,,,,,,,,,,,,,4,,,,5,0,5,1,2,0,0,0,1,,,,2,,0,2,3,0,0,3,2,2,2,1,0,,,,,0,,1,,,,,0,,0,,,,
Function,skip_to_next_string(wchar_t *),Source\memory_and_file_io.cpp,,,,0,5,0,,,,,,,,,,,,,,,,,,,,,,,,,,,,,,,3,,,,5,0,5,1,2,0,0,0,1,,,,2,,0,2,3,0,0,3,2,2,2,1,0,,,,,0,,1,,,,,0,,0,,,,
Static Function,skip_to_suboption(TCHAR *),Source\web_cache_exporter.cpp,,,,4,14,0,,,,,,,,,,,,,,,,,,,,,,,,,,,,,,,2,,,,18,4,14,2,7,0,0,0,2,,,,4,,1,5,7,1,0,6,4,4,5,1,0,,,,,0,,1,,,,,0,,0,,,,
Function,"string_ends_with(const TCHAR *,const TCHAR *,bool)",Source\memory_and_file_io.cpp,,,,1,8,0,,,,,,,,,,,,,,,,,,,,,,,,,,,,,,,5,,,,9,1,8,4,5,0,0,0,3,,,,2,,0,5,6,3,0,3,2,2,2,1,1,,,,,0,,1,,,,,0,,0,,,,
Function,string_is_empty(const char *),Source\memory_and_file_io.cpp,,,,0,4,0,,,,,,,,,,,,,,,,,,,,,,,,,,,,,,,16,,,,4,0,4,1,1,0,0,0,1,,,,1,,0,1,1,0,0,1,1,1,1,1,0,,,,,0,,0,,,,,0,,0,,,,
Function,string_is_empty(const wchar_t *),Source\memory_and_file_io.cpp,,,,0,4,0,,,,,,,,,,,,,,,,,,,,,,,,,,,,,,,10,,,,4,0,4,1,1,0,0,0,1,,,,1,,0,1,1,0,0,1,1,1,1,1,0,,,,,0,,0,,,,,0,,0,,,,
Function,string_length(const char *),Source\memory_and_file_io.cpp,,,,0,4,0,,,,,,,,,,,,,,,,,,,,,,,,,,,,,,,9,,,,4,0,4,1,1,0,0,0,2,,,,1,,0,1,1,0,0,1,1,1,1,1,0,,,,,0,,0,,,,,0,,0,,,,
Function,string_length(const wchar_t *),Source\memory_and_file_io.cpp,,,,0,4,0,,,,,,,,,,,,,,,,,,,,,,,,,,,,,,,3,,,,4,0,4,1,1,0,0,0,2,,,,1,,0,1,1,0,0,1,1,1,1,1,0,,,,,0,,0,,,,,0,,0,,,,
Function,string_size(const char *),Source\memory_and_file_io.cpp,,,,0,4,0,,,,,,,,,,,,,,,,,,,,,,,,,,,,,,,12,,,,4,0,4,1,1,0,0,0,2,,,,1,,0,1,1,0,0,1,1,1,1,1,0,,,,,0,,0,,,,,0,,0,,,,
Function,string_size(const wchar_t *),Source\memory_and_file_io.cpp,,,,0,4,0,,,,,,,,,,,,,,,,,,,,,,,,,,,,,,,7,,,,4,0,4,1,1,0,0,0,2,,,,1,,0,1,1,0,0,1,1,1,1,1,0,,,,,0,,0,,,,,0,,0,,,,
Function,"string_starts_with(const TCHAR *,const TCHAR *,bool)",Source\memory_and_file_io.cpp,,,,0,5,0,,,,,,,,,,,,,,,,,,,,,,,,,,,,,,,6,,,,5,0,5,1,2,0,0,0,4,,,,2,,0,2,3,0,0,3,2,2,2,1,1,,,,,0,,1,,,,,0,,0,,,,
Function,string_to_uppercase(TCHAR *),Source\memory_and_file_io.cpp,,,,0,8,0,,,,,,,,,,,,,,,,,,,,,,,,,,,,,,,2,,,,8,0,8,1,3,0,0,0,3,,,,2,,0,2,3,0,0,3,2,2,2,1,0,,,,,0,,1,,,,,0,,0,,,,
Function,"strings_are_at_most_equal(const char *,const char *,size_t,bool)",Source\memory_and_file_io.cpp,,,,0,5,0,,,,,,,,,,,,,,,,,,,,,,,,,,,,,,,6,,,,5,0,5,1,2,0,0,0,3,,,,2,,0,2,3,0,0,3,2,2,2,1,1,,,,,0,,1,,,,,0,,0,,,,
Function,"strings_are_at_most_equal(const wchar_t *,const wchar_t *,size_t,bool)",Source\memory_and_file_io.cpp,,,,0,5,0,,,,,,,,,,,,,,,,,,,,,,,,,,,,,,,6,,,,5,0,5,1,2,0,0,0,3,,,,2,,0,2,3,0,0,3,2,2,2,1,1,,,,,0,,1,,,,,0,,0,,,,
Function,"strings_are_equal(const char *,const char *,bool)",Source\memory_and_file_io.cpp,,,,0,5,0,,,,,,,,,,,,,,,,,,,,,,,,,,,,,,,18,,,,5,0,5,1,2,0,0,0,3,,,,2,,0,2,3,0,0,3,2,2,2,1,1,,,,,0,,1,,,,,0,,0,,,,
Function,"strings_are_equal(const wchar_t *,const wchar_t *,bool)",Source\memory_and_file_io.cpp,,,,0,5,0,,,,,,,,,,,,,,,,,,,,,,,,,,,,,,,16,,,,5,0,5,1,2,0,0,0,3,,,,2,,0,2,3,0,0,3,2,2,2,1,1,,,,,0,,1,,,,,0,,0,,,,
Static Function,"stub_get_overlapped_result_ex(HANDLE,LPOVERLAPPED,LPDWORD,DWORD,BOOL)",Source\memory_and_file_io.cpp,,,,0,6,0,,,,,,,,,,,,,,,,,,,,,,,,,,,,,,,5,,,,6,0,6,2,3,0,0,0,4,,,,1,,0,3,3,1,0,2,2,2,2,1,0,,,,,0,,0,,,,,0,,0,,,,
Static Function,"stub_jet_attach_database_2_w(JET_SESID,JET_PCWSTR,const unsigned long,JET_GRBIT)",Source\internet_explorer.cpp,,,,0,5,0,,,,,,,,,,,,,,,,,,,,,,,,,,,,,,,0,,,,5,0,5,1,2,0,0,0,3,,,,1,,0,2,2,0,0,2,1,1,1,1,0,,,,,0,,0,,,,,0,,0,,,,
Static Function,"stub_jet_begin_session_w(JET_INSTANCE,JET_SESID *,JET_PCWSTR,JET_PCWSTR)",Source\internet_explorer.cpp,,,,0,5,0,,,,,,,,,,,,,,,,,,,,,,,,,,,,,,,0,,,,5,0,5,1,2,0,0,0,3,,,,1,,0,2,2,0,0,2,1,1,1,1,0,,,,,0,,0,,,,,0,,0,,,,
Static Function,"stub_jet_close_database(JET_SESID,JET_DBID,JET_GRBIT)",Source\internet_explorer.cpp,,,,0,5,0,,,,,,,,,,,,,,,,,,,,,,,,,,,,,,,0,,,,5,0,5,1,2,0,0,0,3,,,,1,,0,2,2,0,0,2,1,1,1,1,0,,,,,0,,0,,,,,0,,0,,,,
Static Function,"stub_jet_close_table(JET_SESID,JET_TABLEID)",Source\internet_explorer.cpp,,,,0,5,0,,,,,,,,,,,,,,,,,,,,,,,,,,,,,,,0,,,,5,0,5,1,2,0,0,0,3,,,,1,,0,2,2,0,0,2,1,1,1,1,0,,,,,0,,0,,,,,0,,0,,,,
Static Function,"stub_jet_create_instance_w(JET_INSTANCE *,JET_PCWSTR)",Source\internet_explorer.cpp,,,,0,5,0,,,,,,,,,,,,,,,,,,,,,,,,,,,,,,,0,,,,5,0,5,1,2,0,0,0,3,,,,1,,0,2,2,0,0,2,1,1,1,1,0,,,,,0,,0,,,,,0,,0,,,,
Static Function,"stub_jet_detach_database_w(JET_SESID,JET_PCWSTR)",Source\internet_explorer.cpp,,,,0,5,0,,,,,,,,,,,,,,,,,,,,,,,,,,,,,,,0,,,,5,0,5,1,2,0,0,0,3,,,,1,,0,2,2,0,0,2,1,1,1,1,0,,,,,0,,0,,,,,0,,0,,,,
Static Function,"stub_jet_end_session(JET_SESID,JET_GRBIT)",Source\internet_explorer.cpp,,,,0,5,0,,,,,,,,,,,,,,,,,,,,,,,,,,,,,,,0,,,,5,0,5,1,2,0,0,0,3,,,,1,,0,2,2,0,0,2,1,1,1,1,0,,,,,0,,0,,,,,0,,0,,,,
Static Function,"stub_jet_get_database_file_info_w(JET_PCWSTR,void *,unsigned long,unsigned long)",Source\internet_explorer.cpp,,,,0,5,0,,,,,,,,,,,,,,,,,,,,,,,,,,,,,,,0,,,,5,0,5,1,2,0,0,0,3,,,,1,,0,2,2,0,0,2,1,1,1,1,0,,,,,0,,0,,,,,0,,0,,,,
Static Function,"stub_jet_get_record_position(JET_SESID,JET_TABLEID,JET_RECPOS *,unsigned long)",Source\internet_explorer.cpp,,,,0,5,0,,,,,,,,,,,,,,,,,,,,,,,,,,,,,,,0,,,,5,0,5,1,2,0,0,0,3,,,,1,,0,2,2,0,0,2,1,1,1,1,0,,,,,0,,0,,,,,0,,0,,,,
Static Function,"stub_jet_get_system_parameter_w(JET_INSTANCE,JET_SESID,unsigned long,JET_API_PTR *,JET_PWSTR,unsigned long)",Source\internet_explorer.cpp,,,,0,5,0,,,,,,,,,,,,,,,,,,,,,,,,,,,,,,,0,,,,5,0,5,1,2,0,0,0,3,,,,1,,0,2,2,0,0,2,1,1,1,1,0,,,,,0,,0,,,,,0,,0,,,,
Static Function,"stub_jet_get_table_column_info_w(JET_SESID,JET_TABLEID,JET_PCWSTR,void *,unsigned long,unsigned long)",Source\internet_explorer.cpp,,,,0,5,0,,,,,,,,,,,,,,,,,,,,,,,,,,,,,,,0,,,,5,0,5,1,2,0,0,0,3,,,,1,,0,2,2,0,0,2,1,1,1,1,0,,,,,0,,0,,,,,0,,0,,,,
Static Function,stub_jet_init(JET_INSTANCE *),Source\internet_explorer.cpp,,,,0,5,0,,,,,,,,,,,,,,,,,,,,,,,,,,,,,,,0,,,,5,0,5,1,2,0,0,0,3,,,,1,,0,2,2,0,0,2,1,1,1,1,0,,,,,0,,0,,,,,0,,0,,,,
Static Function,"stub_jet_move(JET_SESID,JET_TABLEID,long,JET_GRBIT)",Source\internet_explorer.cpp,,,,0,5,0,,,,,,,,,,,,,,,,,,,,,,,,,,,,,,,0,,,,5,0,5,1,2,0,0,0,3,,,,1,,0,2,2,0,0,2,1,1,1,1,0,,,,,0,,0,,,,,0,,0,,,,
Static Function,"stub_jet_open_database_w(JET_SESID,JET_PCWSTR,JET_PCWSTR,JET_DBID *,JET_GRBIT)",Source\internet_explorer.cpp,,,,0,5,0,,,,,,,,,,,,,,,,,,,,,,,,,,,,,,,0,,,,5,0,5,1,2,0,0,0,3,,,,1,,0,2,2,0,0,2,1,1,1,1,0,,,,,0,,0,,,,,0,,0,,,,
Static Function,"stub_jet_open_table_w(JET_SESID,JET_DBID,JET_PCWSTR,const void *,unsigned long,JET_GRBIT,JET_TABLEID *)",Source\internet_explorer.cpp,,,,0,5,0,,,,,,,,,,,,,,,,,,,,,,,,,,,,,,,0,,,,5,0,5,1,2,0,0,0,3,,,,1,,0,2,2,0,0,2,1,1,1,1,0,,,,,0,,0,,,,,0,,0,,,,
Static Function,"stub_jet_retrieve_column(JET_SESID,JET_TABLEID,JET_COLUMNID,void *,unsigned long,unsigned long *,JET_GRBIT,JET_RETINFO *)",Source\internet_explorer.cpp,,,,0,5,0,,,,,,,,,,,,,,,,,,,,,,,,,,,,,,,0,,,,5,0,5,1,2,0,0,0,3,,,,1,,0,2,2,0,0,2,1,1,1,1,0,,,,,0,,0,,,,,0,,0,,,,
Static Function,"stub_jet_retrieve_columns(JET_SESID,JET_TABLEID,JET_RETRIEVECOLUMN *,unsigned long)",Source\internet_explorer.cpp,,,,0,5,0,,,,,,,,,,,,,,,,,,,,,,,,,,,,,,,0,,,,5,0,5,1,2,0,0,0,3,,,,1,,0,2,2,0,0,2,1,1,1,1,0,,,,,0,,0,,,,,0,,0,,,,
Static Function,"stub_jet_set_system_parameter_w(JET_INSTANCE *,JET_SESID,unsigned long,JET_API_PTR,JET_PCWSTR)",Source\internet_explorer.cpp,,,,0,5,0,,,,,,,,,,,,,,,,,,,,,,,,,,,,,,,0,,,,5,0,5,1,2,0,0,0,3,,,,1,,0,2,2,0,0,2,1,1,1,1,0,,,,,0,,0,,,,,0,,0,,,,
Static Function,stub_jet_term(JET_INSTANCE),Source\internet_explorer.cpp,,,,0,5,0,,,,,,,,,,,,,,,,,,,,,,,,,,,,,,,0,,,,5,0,5,1,2,0,0,0,3,,,,1,,0,2,2,0,0,2,1,1,1,1,0,,,,,0,,0,,,,,0,,0,,,,
Static Function,"stub_nt_query_system_information(SYSTEM_INFORMATION_CLASS,PVOID,ULONG,PULONG)",Source\memory_and_file_io.cpp,,,,0,5,0,,,,,,,,,,,,,,,,,,,,,,,,,,,,,,,0,,,,5,0,5,1,2,0,0,0,3,,,,1,,0,2,2,0,0,2,1,1,1,1,0,,,,,0,,0,,,,,0,,0,,,,
Function,swap(uint32_t),Source\ThirdParty\SHA-256\sha256.cpp,,,,1,13,0,,,,,,,,,,,,,,,,,,,,,,,,,,,,,,,2,,,,14,1,7,1,4,0,2,4,1,,,,1,,0,1,1,0,0,1,1,1,1,1,0,,,,,0,,0,,,,,0,,0,,,,
Function,swap_byte_order(s16),Source\memory_and_file_io.cpp,,,,0,4,0,,,,,,,,,,,,,,,,,,,,,,,,,,,,,,,3,,,,4,0,4,1,1,0,0,0,2,,,,1,,0,1,1,0,0,1,1,1,1,1,0,,,,,0,,0,,,,,0,,0,,,,
Function,swap_byte_order(s32),Source\memory_and_file_io.cpp,,,,0,4,0,,,,,,,,,,,,,,,,,,,,,,,,,,,,,,,3,,,,4,0,4,1,1,0,0,0,2,,,,1,,0,1,1,0,0,1,1,1,1,1,0,,,,,0,,0,,,,,0,,0,,,,
Function,swap_byte_order(s64),Source\memory_and_file_io.cpp,,,,0,4,0,,,,,,,,,,,,,,,,,,,,,,,,,,,,,,,3,,,,4,0,4,1,1,0,0,0,2,,,,1,,0,1,1,0,0,1,1,1,1,1,0,,,,,0,,0,,,,,0,,0,,,,
Function,swap_byte_order(s8),Source\memory_and_file_io.cpp,,,,0,4,0,,,,,,,,,,,,,,,,,,,,,,,,,,,,,,,3,,,,4,0,4,1,1,0,0,0,1,,,,1,,0,1,1,0,0,1,1,1,1,1,0,,,,,0,,0,,,,,0,,0,,,,
Function,swap_byte_order(u16),Source\memory_and_file_io.cpp,,,,0,4,0,,,,,,,,,,,,,,,,,,,,,,,,,,,,,,,3,,,,4,0,4,1,1,0,0,0,2,,,,1,,0,1,1,0,0,1,1,1,1,1,0,,,,,0,,0,,,,,0,,0,,,,
Function,swap_byte_order(u32),Source\memory_and_file_io.cpp,,,,0,4,0,,,,,,,,,,,,,,,,,,,,,,,,,,,,,,,3,,,,4,0,4,1,1,0,0,0,2,,,,1,,0,1,1,0,0,1,1,1,1,1,0,,,,,0,,0,,,,,0,,0,,,,
Function,swap_byte_order(u64),Source\memory_and_file_io.cpp,,,,0,4,0,,,,,,,,,,,,,,,,,,,,,,,,,,,,,,,3,,,,4,0,4,1,1,0,0,0,2,,,,1,,0,1,1,0,0,1,1,1,1,1,0,,,,,0,,0,,,,,0,,0,,,,
Function,swap_byte_order(u8),Source\memory_and_file_io.cpp,,,,0,4,0,,,,,,,,,,,,,,,,,,,,,,,,,,,,,,,3,,,,4,0,4,1,1,0,0,0,1,,,,1,,0,1,1,0,0,1,1,1,1,1,0,,,,,0,,0,,,,,0,,0,,,,
Struct,tagCONVERT_A,Source\ThirdParty\ESENT\esent.h,0,0,0,0,12,0,0,0,0,0,0,0,0,0,0,0,0,,0,0,,,,,0,1,0,0,1,0,0,0,0,0,0,0,,,,,12,0,12,6,0,0,0,0,,,,,,,,,5,5,0,0,,,,,,0,0,0,0,,0,0,,,,,,0,0,0,0,0,0
Struct,tagCONVERT_W,Source\ThirdParty\ESENT\esent.h,0,0,0,0,12,0,0,0,0,0,0,0,0,0,0,0,0,,0,0,,,,,0,1,0,0,1,0,0,0,0,0,0,0,,,,,12,0,12,6,0,0,0,0,,,,,,,,,5,5,0,0,,,,,,0,0,0,0,,0,0,,,,,,0,0,0,0,0,0
Struct,tagJET_CONDITIONALCOLUMN_A,Source\ThirdParty\ESENT\esent.h,0,0,0,0,6,3,0,0,0,0,0,0,0,0,0,0,0,,0,0,,,,,0,3,0,0,3,0,0,0,0,0,0,0,,,,,6,0,6,4,0,3,0,0,,,,,,,,,3,3,0,0,,,,,,0,0,0,0,,0,0,,,,,,0,0,0,0,0,0
Struct,tagJET_CONDITIONALCOLUMN_W,Source\ThirdParty\ESENT\esent.h,0,0,0,0,6,3,0,0,0,0,0,0,0,0,0,0,0,,0,0,,,,,0,3,0,0,3,0,0,0,0,0,0,0,,,,,6,0,6,4,0,3,0,0,,,,,,,,,3,3,0,0,,,,,,0,0,0,0,,0,0,,,,,,0,0,0,0,0,0
Struct,tagJET_INDEXCREATE_A,Source\ThirdParty\ESENT\esent.h,0,0,0,3,27,16,0,0,0,0,0,0,0,0,0,3,0,,0,0,,,,,0,10,0,0,10,0,0,0,0,0,0,0,,,,,30,3,23,17,0,16,0,4,,,,,,,,,16,16,0,0,,,,,,0,0,0,0,,0,0,,,,,,0,0,0,0,0,0
Struct,tagJET_INDEXCREATE_W,Source\ThirdParty\ESENT\esent.h,0,0,0,3,27,16,0,0,0,0,0,0,0,0,0,3,0,,0,0,,,,,0,10,0,0,10,0,0,0,0,0,0,0,,,,,30,3,23,17,0,16,0,4,,,,,,,,,16,16,0,0,,,,,,0,0,0,0,,0,0,,,,,,0,0,0,0,0,0
Struct,tagJET_INDEXID,Source\ThirdParty\ESENT\esent.h,0,0,0,0,5,0,0,0,0,0,0,0,0,0,0,0,0,,0,0,,,,,0,2,0,0,2,0,0,0,0,0,0,0,,,,,5,0,5,3,0,0,0,0,,,,,,,,,2,2,0,0,,,,,,0,0,0,0,,0,0,,,,,,0,0,0,0,0,0
Struct,tagJET_OPENTEMPORARYTABLE,Source\ThirdParty\ESENT\esent.h,0,0,0,0,12,1,0,0,0,0,0,0,0,0,0,2,0,,0,0,,,,,0,9,0,0,9,0,0,0,0,0,0,0,,,,,12,0,12,10,0,1,0,0,,,,,,,,,9,9,0,0,,,,,,0,0,0,0,,0,0,,,,,,0,0,0,0,0,0
Struct,tagJET_TABLECREATE2_A,Source\ThirdParty\ESENT\esent.h,0,0,0,0,17,13,0,0,0,0,0,0,0,0,0,2,0,,0,0,,,,,0,14,0,0,14,0,0,0,0,0,0,0,,,,,17,0,17,15,0,13,0,0,,,,,,,,,14,14,0,0,,,,,,0,0,0,0,,0,0,,,,,,0,0,0,0,0,0
Struct,tagJET_TABLECREATE2_W,Source\ThirdParty\ESENT\esent.h,0,0,0,0,17,13,0,0,0,0,0,0,0,0,0,2,0,,0,0,,,,,0,14,0,0,14,0,0,0,0,0,0,0,,,,,17,0,17,15,0,13,0,0,,,,,,,,,14,14,0,0,,,,,,0,0,0,0,,0,0,,,,,,0,0,0,0,0,0
Struct,tagJET_TABLECREATE_A,Source\ThirdParty\ESENT\esent.h,0,0,0,0,15,11,0,0,0,0,0,0,0,0,0,2,0,,0,0,,,,,0,12,0,0,12,0,0,0,0,0,0,0,,,,,15,0,15,13,0,11,0,0,,,,,,,,,12,12,0,0,,,,,,0,0,0,0,,0,0,,,,,,0,0,0,0,0,0
Struct,tagJET_TABLECREATE_W,Source\ThirdParty\ESENT\esent.h,0,0,0,0,15,11,0,0,0,0,0,0,0,0,0,2,0,,0,0,,,,,0,12,0,0,12,0,0,0,0,0,0,0,,,,,15,0,15,13,0,11,0,0,,,,,,,,,12,12,0,0,,,,,,0,0,0,0,,0,0,,,,,,0,0,0,0,0,0
Struct,tagJET_TUPLELIMITS,Source\ThirdParty\ESENT\esent.h,0,0,0,0,10,1,0,0,0,0,0,0,0,0,0,0,0,,0,0,,,,,0,5,0,0,5,0,0,0,0,0,0,0,,,,,10,0,8,6,0,1,0,2,,,,,,,,,5,5,0,0,,,,,,0,0,0,0,,0,0,,,,,,0,0,0,0,0,0
Struct,tagJET_UNICODEINDEX,Source\ThirdParty\ESENT\esent.h,0,0,0,0,5,0,0,0,0,0,0,0,0,0,0,0,0,,0,0,,,,,0,2,0,0,2,0,0,0,0,0,0,0,,,,,5,0,5,3,0,0,0,0,,,,,,,,,2,2,0,0,,,,,,0,0,0,0,,0,0,,,,,,0,0,0,0,0,0
Struct,tag_JET_COLUMNCREATE_A,Source\ThirdParty\ESENT\esent.h,0,0,0,0,13,10,0,0,0,0,0,0,0,0,0,0,0,,0,0,,,,,0,10,0,0,10,0,0,0,0,0,0,0,,,,,13,0,13,11,0,10,0,0,,,,,,,,,10,10,0,0,,,,,,0,0,0,0,,0,0,,,,,,0,0,0,0,0,0
Struct,tag_JET_COLUMNCREATE_W,Source\ThirdParty\ESENT\esent.h,0,0,0,0,13,10,0,0,0,0,0,0,0,0,0,0,0,,0,0,,,,,0,10,0,0,10,0,0,0,0,0,0,0,,,,,13,0,13,11,0,10,0,0,,,,,,,,,10,10,0,0,,,,,,0,0,0,0,,0,0,,,,,,0,0,0,0,0,0
Struct,tag_JET_USERDEFINEDDEFAULT_A,Source\ThirdParty\ESENT\esent.h,0,0,0,0,7,0,0,0,0,0,0,0,0,0,0,0,0,,0,0,,,,,0,4,0,0,4,0,0,0,0,0,0,0,,,,,7,0,7,5,0,0,0,0,,,,,,,,,4,4,0,0,,,,,,0,0,0,0,,0,0,,,,,,0,0,0,0,0,0
Struct,tag_JET_USERDEFINEDDEFAULT_W,Source\ThirdParty\ESENT\esent.h,0,0,0,0,7,0,0,0,0,0,0,0,0,0,0,0,0,,0,0,,,,,0,4,0,0,4,0,0,0,0,0,0,0,,,,,7,0,7,5,0,0,0,0,,,,,,,,,4,4,0,0,,,,,,0,0,0,0,,0,0,,,,,,0,0,0,0,0,0
Function,"tchar_log_print(Log_Type,const TCHAR *,)",Source\memory_and_file_io.cpp,,,,8,25,5,,,,,,,,,,,,,,,,,,,,,,,,,,,,,,,91,,,,38,7,19,8,15,4,5,3,10,,,,1,,0,16,16,7,0,9,1,1,1,1,0,,,,,0,,0,,,,,0,,0,,,,
Function,"tchar_query_registry(HKEY,const TCHAR *,const TCHAR *,TCHAR *,u32)",Source\memory_and_file_io.cpp,,,,7,33,7,,,,,,,,,,,,,,,,,,,,,,,,,,,,,,,6,,,,47,7,33,7,24,7,0,0,9,,,,5,,1,21,24,6,0,18,4,4,5,1,1,,,,,0,,1,,,,,0,,0,,,,
Function,terminate_cache_exporter(Exporter *),Source\web_cache_exporter.cpp,,,,0,4,0,,,,,,,,,,,,,,,,,,,,,,,,,,,,,,,7,,,,4,0,4,1,1,0,0,0,1,,,,1,,0,1,1,0,0,1,1,1,1,1,0,,,,,0,,0,,,,,0,,0,,,,
Function,"traverse_directory_objects(const TCHAR *,const TCHAR *,u32,bool,Traverse_Directory_Callback *,void *)",Source\memory_and_file_io.cpp,,,,14,53,6,,,,,,,,,,,,,,,,,,,,,,,,,,,,,,,19,,,,73,14,53,15,34,6,0,0,7,,,,26,,1,24,33,11,0,22,10,10,16,6,5,,,,,5,,4,,,,,5,,0,,,,
Function,truncate_path_components(TCHAR *),Source\memory_and_file_io.cpp,,,,7,35,4,,,,,,,,,,,,,,,,,,,,,,,,,,,,,,,4,,,,46,7,35,8,22,4,0,0,7,,,,21,,1,19,25,7,3,15,7,7,9,3,2,,,,,2,,3,,,,,2,,0,,,,
Static Function,undecorate_path(TCHAR *),Source\internet_explorer.cpp,,,,8,40,21,,,,,,,,,,,,,,,,,,,,,,,,,,,,,,,4,,,,69,8,32,7,19,20,5,4,7,,,,22,,1,14,20,6,0,14,7,7,10,1,0,,,,,0,,3,,,,,0,,0,,,,
Function,unlock_arena(Arena *),Source\memory_and_file_io.cpp,,,,1,18,0,,,,,,,,,,,,,,,,,,,,,,,,,,,,,,,4,,,,19,1,18,1,9,0,0,0,5,,,,3,,0,6,8,0,0,8,3,3,3,1,2,,,,,0,,1,,,,,0,,0,,,,
Static Function,"url_host_ends_with(const TCHAR *,const TCHAR *)",Source\custom_groups.cpp,,,,3,10,0,,,,,,,,,,,,,,,,,,,,,,,,,,,,,,,3,,,,13,3,10,5,7,0,0,0,4,,,,3,,0,7,9,4,0,5,3,3,5,3,2,,,,,2,,1,,,,,2,,0,,,,
File,web_cache_exporter.cpp,Source\web_cache_exporter.cpp,15,83,5,229,1221,389,14,12,16,2,102,15,79,5,,,,0,,,,,,14,,,,,,,,,,,,,,203,14,42,1834,227,1158,183,769,388,24,42,,214,15,45,,1050871,,593,774,137,0,637,,,,,,38,32,48,12,,,6,34,2,6,446560212,,,0,190,171,226,35
File,web_cache_exporter.h,Source\web_cache_exporter.h,0,0,0,53,175,92,0,0,0,0,0,0,0,0,,,,0,,,,,,0,,,,,,,,,,,,,,0,0,0,315,50,102,96,10,77,30,68,,0,0,0,,0,,78,78,78,0,0,,,,,,0,0,0,0,,,0,0,0,0,0,,,0,0,0,0,0
